ID,Genotype,Date,A,gsw,Isoprene,Height,Stem_Diam,Leaf_Area,Above_Biomass,LMA,Methanethiol,Chlorophyll,TotalProtein,FoDark,FmDark,Fo_Lss,FmorFm,FoorFs,NPQ_Lss,QY_max
1,BESC-1004,5/3/24,10.84192701,0.304936579,7.1,46.5,5.015,764.13,7.7265,61.6460,0.326711487,1207,247.509,2111.708412,12451.18604,2560.499819,4739.601848,3267.273787,1.715159264,0.829384218
2,BESC-1005,5/10/24,16.05605322,0.375981974,12.59,27.5,4.045,225.03,3.4671,65.8312,0.454298498,1191,516.645,2275.312121,10193.11601,2691.409329,4347.010442,3289.308639,1.430869637,0.772025589
3,BESC-1006,5/6/24,16.0813539,0.299683631,7.74,36,5.92,705.5,9.4337,78.5164,0.243022957,1283,236.6154,2217.824877,11957.27721,2786.584091,5258.370575,3533.936805,1.325954748,0.814150127
4,BESC-1007,5/1/24,23.08371664,0.463400867,21.02,45,5.22,488.95,7.9227,84.6704,0.220911378,1310,420.6852,1911.219384,11328.16877,2457.753834,4105.063175,2846.759349,1.84591442,0.829649994
5,BESC-101,5/7/24,8.844683843,0.087893416,9.74,76,5.82,1185.75,14.2899,75.2272,0.060053992,822,197.2062,2180.32706,11132.84015,2241.676313,3717.922367,2661.842794,2.065609376,0.803840657
6,BESC-1012,5/10/24,10.92707482,0.366534692,5.73,32.8,5.385,791.23,11.0548,79.6836,0.562343372,954,234.0522,2652.798426,12159.21028,3250.566465,5673.966966,4447.121013,1.255442531,0.780128117
7,BESC-1015,5/6/24,18.41921696,0.435808895,13.23,55,6.16,1017.68,16.6248,84.8826,0.249696968,1159,338.3424,2392.915772,12234.2328,2557.38241,4172.36701,2906.976143,1.996487645,0.802707389
8,BESC-1017,5/10/24,16.68581541,0.403072776,13.36,37.5,4.31,413.6,5.4268,81.1690,0.174693744,1218,334.4976,2529.752807,10446.14723,2725.726985,4547.938888,3419.860203,1.385210379,0.755434284
9,BESC-1019,4/29/24,20.87114425,0.388215432,20.55,93,6.81,1547.72,21.5964,65.8901,0.336511595,1214,339.9444,2094.235384,12775.45724,2629.863668,5269.081663,3561.723886,1.488775917,0.833631854
10,BESC-102,5/6/24,14.53693873,0.14799597,22.99,66,6.745,767.01,11.7756,63.8742,0.086094914,1465,335.4588,2070.025167,11604.282,2702.343438,4734.366749,3272.496978,1.533821373,0.820025998
11,BESC-1020,5/1/24,20.19546116,0.513048525,17.6,37,5.035,682.72,9.1296,75.4394,0.155683526,1181,258.2424,2067.021993,12478.59159,2675.85491,5008.735566,3567.970366,1.553992156,0.832942783
12,BESC-103,5/2/24,6.885392411,0.150862589,6.16,47,5.39,760.69,7.8289,51.2479,0.176514119,1048,225.081,2000.512967,10684.88697,2439.981276,4308.016702,3304.547007,1.590529041,0.811823712
13,BESC-1035,5/10/24,16.35813533,0.326979971,13.86,36.4,5.395,445.01,5.7985,69.8690,0.0105997,1356,313.3512,2264.545857,11776.3764,2725.470506,5405.65305,3382.694472,1.246021517,0.806451591
14,BESC-104,4/30/24,11.68264799,0.168121829,11.56,70.5,5.4,1027.74,9.4543,45.5183,0.207550365,1106,360.6102,2092.595234,11726.06615,2539.533562,4591.843895,3342.422048,1.612079283,0.819460569
15,BESC-1043,5/7/24,14.21725278,0.199627058,20.11,32.5,4.455,521.58,7.1449,80.9568,0.161934466,1076,151.2288,2087.344774,9417.666349,2594.171337,4377.367745,3274.799774,1.222852116,0.773812455
16,BESC-1045,5/3/24,21.68580917,0.398475104,19.41,38,4.775,575.46,7.4275,80.5442,0.121746858,1334,241.902,1943.302907,11461.48149,2339.406461,4416.371023,2727.905106,1.672890426,0.829270272
17,BESC-105,4/29/24,13.26580461,0.185763539,14.25,76.5,6.525,915.63,12.4754,60.1606,0.405452748,1148,337.5414,2048.067274,12264.79424,3154.824179,6584.328558,4285.030649,0.903580663,0.829959365
18,BESC-106,4/30/24,11.00142242,0.24566766,5.5,61,6.025,1060.61,11.7046,60.7972,0.081452583,964,181.1862,2535.836003,13634.92984,2502.013677,4307.659829,3205.445405,2.247581599,0.814322652
19,BESC-1068,5/3/24,15.00157112,0.283655938,8.88,48,4.95,916.32,10.1637,70.1343,,873,156.0348,2504.410116,13156.17122,2111.562583,3799.660632,2499.763809,2.522428559,0.810527397
20,BESC-107,4/29/24,15.73716518,0.225545325,10.21,93,7.8,1455.05,17.4295,63.3437,0.341488994,883,150.588,2107.471103,13153.42038,2664.844288,5204.759937,3348.614205,1.588160708,0.838164854
21,BESC-1072,4/30/24,12.4007776,0.19948411,8.88,70,6.55,1552.67,18.7747,69.3916,0.282189676,967,140.3352,2386.045043,12742.56849,2676.904842,4963.151924,3280.537085,1.606082736,0.811728474
22,BESC-108,4/29/24,21.41971433,0.479893735,20.53,82.5,5.89,1023.95,11.8005,53.1578,0.21912889,1535,370.863,1902.361336,11775.97575,2608.651017,4665.378727,3348.321483,1.618555443,0.837293207
23,BESC-1091,5/10/24,25.56540224,0.644417528,22.26,23.5,3.85,127.36,2.9153,81.1101,0.364382115,1222,372.465,2250.487586,11849.66664,3167.846668,6677.636115,4281.41777,0.830013874,0.808495348
24,BESC-1095,5/6/24,14.55806658,0.161825843,17.2,39,5.61,545.32,6.9486,73.9422,0.103436492,1253,253.917,2347.697337,12618.42411,3222.767389,6035.16031,4194.163029,1.1451249,0.812612829
25,BESC-1096,5/10/24,18.3764846,0.363411691,22.53,31,3.88,303.87,3.5600,71.6197,0.046537795,1338,366.2172,2397.600413,12523.68301,2600.228355,5236.440214,3018.297544,1.424265678,0.80568199
26,BESC-1097,5/7/24,12.98110975,0.241306308,10.39,47,5.69,1044.65,14.6220,80.7446,0.077768849,1039,238.8582,1947.573103,9592.079075,2386.94559,4208.456575,2953.306711,1.37708374,0.795854369
27,BESC-1099,5/9/24,11.54335602,0.347219937,5.77,44,5.885,990.21,11.7181,60.6911,,821,140.175,2386.216107,12517.96527,2715.967335,4812.499328,3283.724831,1.666657097,0.809845314
28,BESC-11,5/9/24,16.52465237,0.263429692,16.46,29,4.325,363.39,4.7328,67.6409,,1027,341.7066,2228.6278,10707.16037,2532.394712,4034.31307,3040.665324,1.744253536,0.788110506
29,BESC-1101,5/8/24,6.931060684,0.105620779,6.84,46,5.56,921.75,13.1289,82.2418,0.125992995,396,136.8108,2377.725639,10973.51907,2238.746572,3800.955845,2770.68016,1.94272492,0.78377241
30,BESC-1107,5/9/24,20.97444297,0.402241683,19.32,44,5.135,612.11,9.0467,72.6784,0.109829383,844,200.5704,1902.0119,11581.01805,2553.691097,4831.418251,2854.496093,1.493464037,0.834416425
31,BESC-1108,5/7/24,8.5988353,0.103437478,8.31,48,5.155,692.01,9.6811,67.1634,0.017316569,797,179.2638,2341.209462,11352.48327,2586.958503,4240.494498,3224.753844,1.759737779,0.792907006
32,BESC-111,5/10/24,18.98994535,0.412970387,16.89,31.3,5.875,274.23,3.2228,56.8714,0.319018826,1480,450.963,2461.230552,10560.97282,3285.890993,5543.987023,4397.086107,0.962765638,0.764835637
33,BESC-1110,5/8/24,9.844019734,0.220858208,8.03,48,5.12,545.21,7.5534,86.8986,0.258160583,1150,453.2058,2232.15196,11775.58625,2856.767106,4907.696731,3764.457473,1.506145163,0.809066435
34,BESC-1112,5/3/24,8.495578392,0.126806258,6.07,52,5.315,1117.49,14.3144,80.0019,0.035973753,710,192.24,2185.309028,11812.44962,2293.48211,4076.887485,3008.508778,1.96730443,0.812805207
35,BESC-113,5/7/24,17.51495222,0.322991621,12.05,39,4.675,346.63,5.0151,60.6911,0.334927865,1627,210.663,1936.9307,9551.070705,2525.665236,4302.1178,3004.209509,1.282522574,0.786609105
36,BESC-1146,4/30/24,27.25482817,0.519367908,17.53,53.5,5.31,805,8.7603,55.3859,0.039571152,1215,289.8018,2177.144502,13406.37859,3133.332841,6306.009527,3957.6576,1.171246919,0.836404199
37,BESC-1147,5/9/24,15.060473,0.279022714,12.74,43,4.07,273.28,3.7022,54.6078,0.30938976,1300,345.5514,2259.825255,11602.93692,2744.023504,4829.362599,3465.008728,1.483419208,0.804856938
38,BESC-115,5/6/24,17.07232499,0.267208565,27.04,54.5,6.245,723.88,10.6537,59.8423,0.125067971,1432,311.4288,2009.416508,11292.28005,2573.790645,4428.273451,2956.595089,1.611375317,0.819351129
39,BESC-1151,5/1/24,12.7,,23.07,45.5,6.27,590.89,9.9533,89.4451,0.281713843,1261,198.648,2119.049943,12417.84622,3112.779259,6128.287391,4142.385549,1.130668306,0.828268007
40,BESC-1153,5/8/24,12.74464135,0.292051696,8.94,39.5,4.76,403.23,5.8199,91.8855,0.062829655,919,233.4114,2337.886531,11124.14502,2471.54187,3929.047947,3009.128462,1.925715798,0.786533929
41,BESC-1157,5/10/24,18.96902376,0.334491161,20.37,23.5,2.735,221.8,1.7420,51.6841,0.320199389,1170,332.2548,2684.977745,13198.28915,3059.534215,5556.28067,3780.112117,1.410984796,0.796194123
42,BESC-1158,5/9/24,15.87298614,0.308500673,12.29,30.5,4.915,645.35,6.7661,69.9221,0.237062036,1123,187.434,2510.596395,14387.33645,3182.292598,6188.512306,4035.259977,1.362321581,0.825017391
43,BESC-1159,5/3/24,20.22324341,0.35253189,16.35,41,4.55,636.08,8.5222,82.2418,0.08308964,1264,220.5954,2222.636152,11945.98329,2848.900965,5100.867154,3514.076634,1.402386454,0.812730542
44,BESC-116,5/1/24,10.74252966,0.20492554,6.01,59,5.395,888.06,10.3840,62.3887,0.213227469,1048,220.5954,1946.273676,11218.47097,2377.966776,4302.025638,3085.311919,1.688998061,0.824578007
45,BESC-1166,5/8/24,9.291488428,0.187556043,5.84,57.5,5.555,1001.97,15.8703,93.0526,0.075855254,930,304.0596,2783.476143,13830.90928,2610.689766,4475.008939,3225.186224,2.142415071,0.799319285
46,BESC-1170,5/8/24,12.32715633,0.221243445,6.06,52,5.79,1045.01,15.4544,79.6836,0.020515676,867,209.2212,2651.569348,13635.11868,2571.272555,4332.19646,2978.049602,2.182431641,0.805328877
47,BESC-1171,4/30/24,16.00360846,0.414470762,11.73,70.5,5.665,1339.29,15.6454,75.7578,0.588754167,1393,293.0058,2130.530666,12160.28464,2875.3746,5375.547548,3734.609408,1.324651164,0.823288553
48,BESC-1172,5/10/24,17.58367884,0.371712536,15.03,45.4,5.155,440.41,5.7988,61.8582,0.144121407,1276,371.1834,2432.531425,12221.33741,2700.875668,5083.580328,3333.603813,1.466173934,0.799762906
49,BESC-1174,4/29/24,20.80164943,0.272616667,21.11,80.5,7.73,1237.59,17.6733,59.5239,0.106295149,1306,328.0896,2031.574637,12756.13302,2808.770531,5387.11904,3373.992826,1.426523643,0.83906839
50,BESC-1175,5/9/24,14.51852409,0.297812521,10.63,40,4.94,752.88,8.8717,74.9089,0.247435729,1050,222.678,2308.44276,12810.5282,2884.902957,5311.079325,3604.942979,1.467275834,0.818987518
51,BESC-1176,5/7/24,11.16376416,0.319620595,6.66,35,4.465,460.56,7.3812,73.1052,0.011257517,842,227.9646,2388.59611,11440.67375,2481.520272,4074.54615,2939.088832,1.86749989,0.790520695
52,BESC-1178,5/3/24,16.179828,0.367142747,11.91,35,4.495,507.21,5.9100,41.2742,0.027845824,1295,357.4062,2291.757592,12540.45008,2841.52679,5446.687002,3603.186207,1.34389481,0.815616452
53,BESC-1179,5/3/24,19.86714411,0.427081152,15.3,63,5.135,560.57,8.5333,73.3174,0.117903409,1474,344.2698,1722.150282,10334.0179,2256.388417,4455.901575,2759.436287,1.388020673,0.83033253
54,BESC-118,5/9/24,15.20071867,0.458568708,10.92,67,4.99,591.34,7.4790,56.8714,0.197488742,1568,375.9894,2100.275335,10788.81787,2901.874129,5450.465501,3854.895242,1.059240088,0.804221906
55,BESC-1180,5/3/24,15.18161069,0.33221906,9.88,50.5,5.285,799.85,10.9569,61.5399,0.168679412,1145,255.6792,2268.051493,11867.17474,2418.720036,4185.931738,3072.759294,1.886762135,0.807559735
56,BESC-1181,5/9/24,18.56186216,0.31857971,20.2,33,4.415,301.51,4.6170,80.2141,0.715539209,1529,401.6214,2154.249001,11411.58471,2996.833546,5753.224656,3846.02191,1.049507219,0.809171958
57,BESC-1182,4/30/24,17.42696358,0.323561192,11.9,55,4.9,617.26,8.6658,76.0761,0.380680172,1446,439.4286,1957.37397,10825.49614,2640.974193,4867.566651,3192.105027,1.28540382,0.816592617
58,BESC-1183,5/8/24,16.89074191,0.455224548,11.19,48,5.95,647.11,9.5874,70.8770,0.358134847,1110,251.514,2041.007141,11756.29891,2730.274185,4897.796872,3396.991681,1.464047983,0.82436934
59,BESC-1185,5/6/24,22.04189997,0.333724728,14.92,56,5.825,638.44,11.0055,88.5963,0.00899855,1278,529.9416,1998.184549,11559.14245,2749.000753,5124.816019,3340.539702,1.321060071,0.824900911
60,BESC-119,5/8/24,9.430340924,0.130639643,20.04,53.5,4.75,634,9.7299,78.8347,0.195568947,904,216.1098,2102.854746,10208.97892,2454.703917,3997.144151,3011.093009,1.633955561,0.792395342
61,BESC-12,4/29/24,21.33307173,0.37939106,19.44,72,5.94,1162.87,14.2671,65.5718,0.115886709,1381,315.594,1983.475126,12163.7684,2663.389841,4893.635403,3144.988626,1.522993606,0.83497285
62,BESC-120,4/30/24,11.59541614,0.222484094,8.35,68.5,5.78,1035.14,12.4742,70.0282,0.320674654,1111,257.4414,2040.101037,11268.18716,2501.114591,4364.865881,3152.24487,1.658741056,0.817157292
63,BESC-1203,5/8/24,8.504142771,0.228020985,4.18,55.5,5.19,621.4,8.1241,60.0014,0.317148714,1046,259.0434,2244.426239,12005.72859,2709.940967,4885.4213,3539.205471,1.538282361,0.812171261
64,BESC-1204,5/7/24,12.77664632,0.129263795,26.26,34,5.05,373.11,5.4258,71.8673,0.167108707,1568,303.0984,2060.120136,11426.67671,2997.445248,5917.609169,3947.563698,1.030048228,0.817349774
65,BESC-121,5/2/24,10.4263632,0.211081301,8.18,66.5,5.58,934.02,10.7884,56.0225,0.156732366,664,238.2174,2211.586645,11488.93784,2501.553462,4481.751233,3398.329662,1.663578524,0.805850493
66,BESC-1216,5/9/24,18.14421878,0.372093326,16.31,28.5,3.46,251.41,2.6519,59.1349,0.158136724,1266,419.8842,2034.732725,11025.66582,2910.098314,5543.115011,4219.330208,1.164013484,0.814330197
67,BESC-1219,5/8/24,12.07173727,0.192808089,10.1,51,5.11,615.67,9.7887,79.3653,0.42287291,897,254.8782,1861.185163,10701.13108,2287.02129,4137.068465,2695.5245,1.652012595,0.824541788
68,BESC-122,5/3/24,8.292846914,0.266507581,5.19,43,4.985,998.57,9.6308,53.0516,0.010576005,721,206.3376,2571.855899,12770.03611,3239.655761,5926.215818,4422.412603,1.248521984,0.799564892
69,BESC-1226,5/6/24,11.74131708,0.316989314,6.7,66,4.765,754.89,9.9254,64.0864,0.053224204,966,289.161,2185.267803,11741.37757,2642.87676,4878.723184,3146.481225,1.450214536,0.813132193
70,BESC-1227,5/9/24,16.92329995,0.304582726,15.64,28,4.425,347.29,4.7883,86.7689,0.196209135,879,342.6678,2262.128921,12555.10661,2690.691906,4673.405515,3440.122353,1.753344172,0.818465051
71,BESC-1229,5/6/24,14.51488658,0.213137743,14.16,39.5,6.05,951.75,12.9902,84.5643,0.135430456,1142,183.9096,2201.70102,12001.44105,2586.206576,4894.429585,3092.173489,1.490129107,0.816027789
72,BESC-1231,,,,,,,,,,,,,,,,,,,
73,BESC-1240,5/9/24,12.87225234,0.228700237,13.42,38,5.465,199.2,9.1583,74.1662,0.078075758,836,251.514,2529.760056,13608.57589,2966.793236,5678.093985,3958.821206,1.466901844,0.813490618
74,BESC-125,5/10/24,13.60136016,0.29208132,10.3,24,3.955,244.11,3.1654,74.8853,0.089325147,838,454.3272,2162.780754,9583.928438,2207.015633,3581.857589,2643.1507,1.764582145,0.772909031
75,BESC-126,5/2/24,9.66682361,0.288593608,5.87,47,4.215,335.77,3.7258,43.9268,0.298856976,1082,316.5552,2059.227818,8960.779438,2437.099908,4041.881372,2893.693038,1.283198239,0.766592014
76,BESC-127,5/8/24,10.36818869,0.182212938,8.85,65,5.305,,12.1731,68.0122,0.298856976,817,245.7468,2236.417383,11264.49135,2433.063062,3982.937239,2886.986448,1.935617456,0.799742425
77,BESC-129,5/9/24,12.09132039,0.182176543,12.54,42.5,4.44,485.77,5.8261,64.1925,0.331476576,1247,381.1158,2364.148856,12813.02182,3114.810345,5754.258965,4142.353744,1.35361485,0.814431513
78,BESC-13,5/1/24,11.95220669,0.167174813,12.09,59.5,4.34,654.5,7.0935,63.6620,0.25091611,994,238.5378,2354.563685,12272.0305,2528.028506,4445.994119,3436.003247,1.906977843,0.807419263
79,BESC-130,5/3/24,9.470313594,0.12597461,9.54,65,5.52,984.78,11.3189,61.3277,0.044233812,876,192.8808,2200.002395,11565.20827,2275.50334,4230.5321,2742.583909,1.823683306,0.808587531
80,BESC-132,4/29/24,19.05698512,0.279634934,20.75,83,7.065,1317.88,17.9013,62.0704,0.166909686,824,229.4064,2010.032281,12293.02227,2758.394237,5348.681887,3246.064666,1.344151449,0.835021718
81,BESC-133,4/30/24,11.01102256,0.140975927,10.23,68,5.41,1190.84,13.2416,71.6197,0.035896789,1047,326.3274,2372.735489,12495.29131,2393.502362,4386.716015,3059.996976,1.891521676,0.810025416
82,BESC-134,5/2/24,9.364906939,0.241877858,6.51,51,5.465,1204.91,10.7001,58.3568,0.115737436,925,196.8858,2573.593917,10519.38454,2203.017806,3433.84211,2616.662824,2.113003549,0.752893847
83,BESC-135,4/29/24,11.63663751,0.308562973,10.59,85.5,6.43,1677.9,16.8932,49.3380,0.197117048,959,173.6568,2128.074607,11439.4846,2629.410699,4798.360866,3534.553164,1.474154959,0.812616635
84,BESC-136,5/8/24,13.95392067,0.316560218,8.9,59,5.935,699.92,11.8891,75.1211,0.218948839,1143,387.2034,1988.735379,9415.917497,2403.894932,3880.645271,2863.057435,1.500660323,0.784845919
85,BESC-138,5/7/24,12.00575021,0.188212006,11.58,77.1,5.53,1207.88,16.4064,87.0047,0.031610923,882,257.121,3387.466863,16059.88386,2956.217724,5004.494404,3545.42217,2.247038683,0.789235242
86,BESC-141,4/30/24,17.44221768,0.444920686,7.44,80,6.36,827.86,11.3559,55.0676,0.083013776,1194,429.4962,1857.069246,11156.30286,2649.925802,5046.038488,3588.182088,1.307229961,0.830908572
87,BESC-143,5/6/24,12.95719813,0.227367608,8.87,42,4.92,614.08,8.6872,75.0740,0.132484548,965,362.2122,2329.119749,12472.18196,2640.700959,4654.661869,3167.814081,1.73619051,0.811869512
88,BESC-144,5/9/24,19.42073008,0.377924649,14.95,30.2,4.91,354.89,3.7486,68.0947,0.156612433,1195,332.5752,2432.396069,12999.34802,2999.058699,5763.079048,3779.947229,1.335517776,0.812942931
89,BESC-145,5/1/24,14.04741481,0.148733254,15.39,66.5,6.31,1437.05,21.7234,96.4479,0.126930787,1157,322.6428,2229.60224,12774.71908,2573.64548,4571.547718,3093.934703,1.840297888,0.823879562
90,BESC-149,4/29/24,12.30403595,0.225473165,10.92,75.5,6.045,1422.29,17.0789,67.1634,0.024719029,967,266.0922,2443.120531,14395.05139,2573.850682,4877.369223,3412.746343,1.989086099,0.829922918
91,BESC-15,5/1/24,11.19599097,0.304560305,7.32,41,4.63,896.8,7.7936,55.7042,0.239173538,1203,269.7768,2052.409159,10757.6297,2536.606061,4894.021405,3450.807898,1.268330218,0.807930364
92,BESC-150,5/2/24,10.80956464,0.232264914,6.65,49.5,5.175,1064.05,11.6088,71.6197,0.122530637,833,270.0972,2746.006969,12012.42496,2601.238577,4170.742981,3361.036409,1.946906901,0.770909642
93,BESC-151,5/6/24,18.75345427,0.355916591,20.48,59.5,5.23,738.28,12.4850,81.5934,0.216244957,1294,308.385,1972.585555,11457.53243,2672.230278,5508.548162,3405.656952,1.11823995,0.826181294
94,BESC-152,5/6/24,10.29901001,0.17033306,14.33,64,5.945,1179.04,18.0741,91.4610,0.567858736,909,246.2274,2388.131949,12470.11829,2768.704952,4770.881702,3404.170539,1.67536992,0.806300441
95,BESC-153,5/1/24,17.86554428,0.29382271,,60,6.06,1366.29,15.2670,68.7549,,1371,340.1046,1936.271584,12151.39896,2487.51819,4763.110251,3202.818598,1.639124899,0.839392179
96,BESC-154,5/1/24,17.84495993,0.298303068,13.84,51.5,5.66,728.95,9.4033,64.9352,0.284442203,1661,348.1146,2219.888479,12244.49987,2883.546513,4834.627722,3675.987713,1.595750628,0.816001561
97,BESC-157,5/9/24,16.80967077,0.284490245,16.47,31,4.505,438.33,5.7680,77.0310,0.09830303,1476,356.1246,2314.849417,13223.61969,3138.876962,6100.266627,4022.99494,1.227325551,0.822791623
98,BESC-158,4/29/24,14.37172147,0.457363654,11.17,76,6.36,1896.02,19.8116,54.7493,0.286538884,1119,249.111,2546.119909,15519.96452,3067.124088,5824.451584,4100.374537,1.720741958,0.83539511
99,BESC-159,5/3/24,10.11065069,0.173643512,7.39,53.5,4.775,627.38,7.6236,77.5615,0.124692133,858,301.176,2237.06058,11266.02795,2113.026289,3577.760564,2623.209268,2.237732135,0.800451844
100,BESC-161,5/10/24,15.91294,0.324120766,11.01,36.2,4.91,443.69,5.4619,75.7578,0.214629449,957,380.1546,2396.195495,11726.52859,2770.012739,5155.62383,3488.243808,1.312703002,0.793434258
101,BESC-163,5/10/24,16.76637481,0.410353261,15.2,44,4.45,372.76,4.4726,56.3408,0.108861835,1312,337.3812,2289.359305,12377.62566,2863.430636,5428.458633,3776.224796,1.353886412,0.813395693
102,BESC-166,5/7/24,10.66148716,0.213682143,11.31,72.1,6.06,1117.17,16.7902,80.3202,0.012643884,826,227.9646,2955.220066,14344.9648,2456.590006,4263.460907,3036.307659,2.446332298,0.79327393
103,BESC-167,4/29/24,23.32849169,0.486765826,17.19,70.5,5.86,1242.84,16.7462,81.8056,,1024,325.5264,2389.469383,15322.86349,3007.467915,5955.576788,3889.101668,1.637465821,0.844068818
104,BESC-169,5/6/24,10.82135945,0.257333835,6.31,57,6.215,1084.85,15.3749,69.3916,0.290489089,940,184.23,2260.6443,12262.39015,2933.270293,5943.192126,4062.937101,1.105277253,0.815530743
105,BESC-17,4/29/24,10.45103244,0.220057805,4.76,90,5.875,1459.67,15.1009,47.7465,0.195338954,1062,268.4952,2346.257626,14741.08855,3085.551976,6082.368412,4571.306821,1.486142736,0.839608271
106,BESC-170,5/6/24,14.99841247,0.277416399,15.94,47.2,5.685,788.17,10.1839,65.5718,0.05141961,1074,246.8682,2341.275944,12362.05235,2769.540138,5055.523686,3552.642648,1.493235713,0.810185619
107,BESC-173,5/1/24,14.7599779,0.383799196,14.2,39,3.74,506.95,5.6161,62.0704,0.241333314,1451,306.6228,2100.665342,12722.22005,2866.624779,5160.739259,3806.635227,1.535459873,0.833904968
108,BESC-174,4/30/24,13.42384089,0.243849735,6.88,68,5.84,1675.23,8.8865,62.0704,0.413626913,1327,302.1372,2086.10482,12797.5878,2815.392798,5251.386815,3739.274642,1.511434652,0.836157202
109,BESC-176,4/30/24,15.43403984,0.356873175,9.23,65.5,5.805,1124.58,13.9265,61.1155,0.261170388,1437,401.301,1979.358987,11069.22836,2573.08834,4593.734166,3222.174916,1.463772849,0.819479162
110,BESC-179,5/3/24,17.1516413,0.507103705,8.95,43,5.735,,9.4872,57.5316,0.029719133,1189,285.3162,2446.066064,14251.18573,2998.122201,5903.157926,4280.742514,1.579057462,0.827599566
111,BESC-181,5/6/24,14.56837313,0.195460184,14.77,61,5.835,913.9,14.0632,78.4103,0.135823726,1058,374.2272,1871.38872,10125.65725,2453.416015,4201.802123,2988.224335,1.858535457,0.812355168
112,BESC-182,5/7/24,13.00416201,0.190405579,9.95,51.5,4.55,564.99,7.2554,72.9991,0.008995485,1030,272.9808,2379.740145,12672.73739,2640.099737,4830.01204,3212.316831,1.654621618,0.811137391
113,BESC-183,5/9/24,13.27724316,0.369880318,7.93,31,4.945,506.74,6.2750,73.1052,0.157549849,929,264.1698,2463.872809,12943.80533,2912.727012,5444.871803,4168.460353,1.484971683,0.808960072
114,BESC-186,5/2/24,13.75518177,0.220543649,13.79,47,5.275,800.11,10.7883,82.9728,0.041126382,1057,300.5352,2259.314647,11653.35848,2543.455811,4666.119506,3177.858223,1.546091485,0.803922774
115,BESC-187,5/6/24,17.45815998,0.244208293,21.6,55,5.84,783.98,13.0552,86.1559,0.133593738,1046,267.534,2183.884381,12469.75609,2524.896095,4125.682539,2840.869116,2.084079891,0.823517622
116,BESC-188,5/2/24,8.93414237,0.326180828,4.48,53,5.96,1174.09,13.6170,70.5587,0.170652974,800,318.4776,1903.150728,9668.411174,2164.447338,3744.842937,2853.873337,1.645132552,0.801858966
117,BESC-19,5/8/24,8.617386113,0.178214887,7.03,62.5,6.33,,15.4283,66.1024,0.349201058,858,165.3264,2186.931207,11019.39898,2397.394379,3690.42141,2883.955317,2.073404866,0.800034703
118,BESC-190,5/1/24,15.56524513,0.265798834,13.72,59.5,5.05,880.72,9.5588,68.7549,0.06139174,1148,296.0496,2506.958239,13867.67412,2660.439441,4858.786386,3246.25641,1.882792358,0.81929768
119,BESC-191,5/6/24,15.08029408,0.284554625,11.44,67.5,6.07,653.17,13.5182,91.6732,0.422712826,1117,513.6012,2013.827338,11275.78108,2560.20215,4646.290046,2972.526631,1.486740727,0.818474163
120,BESC-192,5/10/24,13.43611278,0.22869729,11.68,17,2.915,181.43,1.4033,54.5371,0.034382534,963,156.5154,3008.507961,13578.41671,2535.906832,4374.64689,3081.537813,2.166731236,0.776102867
121,BESC-193,5/9/24,12.68158898,0.179807125,14.8,46,4.995,704.82,10.1703,82.9728,0.09798683,1212,224.28,2397.460335,14327.24485,2952.54402,5330.169318,3712.988088,1.77174489,0.83225908
122,BESC-195,5/6/24,12.52682233,0.259749278,10.66,55.5,5.81,661.77,9.3692,67.9061,0.256671085,1252,281.4714,2039.488001,11338.30218,2601.213963,4519.183051,3158.994737,1.597676259,0.817409066
123,BESC-199,5/1/24,18.75219971,0.336631697,17.69,35,4.465,371.47,5.3423,61.7521,0.176977505,1495,454.6476,1704.40875,10662.98149,2320.309753,4159.614917,2829.264088,1.649929776,0.837427137
124,BESC-201,5/1/24,16.27654113,0.302697091,14.74,63.5,6.07,1032.99,15.4296,75.1211,0.276002719,1109,313.0308,2088.819571,12627.98713,2723.803978,4961.622085,3287.391868,1.607533672,0.833134565
125,BESC-206,4/30/24,14.56865154,0.271135325,,77,5.91,1402.23,13.6816,51.5662,,1507,351.1584,2256.974307,13743.7643,2969.534911,6063.402884,4111.091037,1.317886144,0.834602872
126,BESC-209,5/10/24,12.81741272,0.293417799,10.96,33.4,5.06,520.89,5.9729,78.8465,0.186631154,1017,366.2172,2614.606118,12440.89259,3028.923165,5640.156274,4083.891861,1.28124339,0.789008393
127,BESC-214,5/7/24,18.13167868,0.364380459,15.1,48.6,4.835,628.24,7.3636,56.3408,0.174176845,1216,326.6478,2340.363175,14234.64234,2799.827573,5145.600514,3445.582686,1.820467508,0.835061759
128,BESC-218,5/2/24,13.8789556,0.323283238,9.16,68.5,6.405,1414.1,16.4243,69.7099,0.198408936,1156,287.0784,1965.847819,10139.22449,2182.539716,3713.395406,2484.346454,1.805163316,0.804606691
129,BESC-234,5/9/24,22.11731411,0.397003142,23.73,39,5.675,306.82,5.3621,68.3305,0.227751631,1177,347.9544,2430.667913,13189.57388,3117.594852,6007.302022,3973.69383,1.373239988,0.814407616
130,BESC-237,5/1/24,15.29277861,0.37739003,9.53,52.5,5.115,804.2,10.3090,64.9352,0.181642948,1437,358.5276,2129.4471,11881.59896,2763.844336,4835.185543,3562.302221,1.556853519,0.818552631
131,BESC-239,5/8/24,12.34226169,0.219162417,10.56,64,5.645,872.33,12.5814,70.6648,0.106917052,1156,269.136,2055.7661,10387.81757,2522.583598,4291.346489,3159.380201,1.487388593,0.798553661
132,BESC-24,5/2/24,9.094269563,0.17846998,7.12,45.5,5.155,750,7.8134,62.7070,0.102422251,1060,316.2348,2392.428097,11522.66053,2617.156265,4585.59842,3440.35471,1.583103511,0.791026603
133,BESC-248,5/6/24,13.63475301,0.226411812,6.89,54,6.045,1009.88,13.3181,63.8742,0.33098099,1508,238.5378,2315.004593,12930.41023,2860.109787,5215.334877,3463.553602,1.537580819,0.818483954
134,BESC-25,5/8/24,6.27224703,0.075900029,10.06,74,6.8,1138.34,15.6310,68.9671,0.178903272,608,289.161,2104.075648,11265.69163,2406.59084,4090.681226,2956.177591,1.813716669,0.811081039
135,BESC-250,5/2/24,12.0982665,0.522545546,7.61,60,5.7,818.69,9.5490,54.0066,0.191343512,984,278.1072,2236.065341,11474.16079,2488.826064,4242.476325,3222.346712,1.773205057,0.803145924
136,BESC-259,4/30/24,14.02103808,0.260136863,10.77,69,6.42,1134.07,14.6431,63.3437,0.254756045,954,242.0622,2355.59908,14114.87523,2697.034638,4819.488353,3508.202513,1.994695574,0.832222603
137,BESC-260,4/30/24,15.04783198,0.270934193,10.06,70.5,6.015,1328.83,16.2547,73.2113,0.220254382,1500,215.469,2267.9648,13760.46809,2727.649532,5393.671212,3593.134213,1.606927903,0.834326888
138,BESC-261,5/8/24,20.26836213,0.296505118,25.12,56,5.53,386.51,7.6964,80.9568,0.113561615,1432,406.5876,1891.158469,10475.75394,2500.903846,4271.075925,2882.965187,1.538840021,0.815144946
139,BESC-274,5/10/24,19.51794047,0.366287858,17.47,38.8,4.965,339.27,5.5511,89.7634,0.158954827,1332,411.714,2154.394641,10538.2434,2744.227815,4815.23654,3358.766423,1.260691511,0.791253926
140,BESC-275,5/1/24,10.17330719,0.221687048,5.04,46.5,4.41,539.82,7.3002,70.9831,0.294783666,1204,467.9442,2078.127414,11709.9006,2641.399916,4435.403862,3342.237606,1.741796526,0.820759412
141,BESC-278,5/10/24,12.87672476,0.426375681,7.82,50.5,4.73,424.14,5.5941,61.6460,0.244700039,1118,535.7088,2262.217944,11056.98597,3151.17742,5846.564181,4434.019933,0.975567326,0.794666794
142,BESC-279,5/3/24,15.40981516,0.470836098,8.9,36.5,5.51,567.79,6.0805,68.0122,0.028851742,1137,328.5702,2321.981256,11930.034,2885.750202,5551.013571,3837.273603,1.204298545,0.803552669
143,BESC-284,5/10/24,15.97068222,0.423092653,12.29,33.3,3.855,296.58,2.9371,59.8423,0.027693175,850,219.474,3074.293568,14144.7431,2976.616983,5579.16878,3983.242158,1.616812457,0.783659754
144,BESC-291,5/6/24,10.41996279,0.200808028,6.41,64.5,5.125,806.12,10.7353,69.2324,0.036129674,1024,244.9458,2283.936618,11548.85227,2202.39813,3762.869526,2926.564971,2.157230164,0.801133864
145,BESC-299,5/6/24,15.93454519,0.220818832,11.97,50,5.135,630.61,9.1694,70.9831,0.158358543,1071,197.3664,1997.27115,11331.96113,2588.003846,4816.644072,3163.416119,1.405629066,0.822680178
146,BESC-309,5/8/24,23.57562377,0.375301518,25.12,43,6.67,572.27,10.8559,80.9214,0.294482076,1407,310.788,2083.877005,10583.57911,2449.736416,3768.79757,2719.666368,1.885932582,0.799913996
147,BESC-312,5/1/24,13.36943628,0.269087202,10.77,50.5,4.87,771.9,8.2719,59.8423,0.396113489,1267,229.7268,2132.453608,11895.04769,2627.918559,4633.257681,3459.875091,1.650193519,0.819301996
148,BESC-314,5/10/24,14.70907673,0.392182921,31.35,55,4.41,472.71,5.7621,62.7070,0.107559619,1238,273.6216,2667.231873,13898.27992,2963.011856,6003.315072,4190.702501,1.363901778,0.807982874
149,BESC-320,5/2/24,10.69907708,0.291857688,9.05,59,5.01,837.59,9.1393,55.9164,0.199604602,1399,473.8716,2640.649751,12708.42406,3084.484007,5568.501477,4465.965469,1.366715643,0.792848736
150,BESC-321,5/1/24,14.20335548,0.3077864,8.94,44,5.135,916.14,10.8369,80.5324,0.225803148,997,195.444,2174.123194,12288.23346,2493.420675,4789.196872,3285.085006,1.612675769,0.822085827
151,BESC-322,4/30/24,22.54885905,0.378058198,20.71,67.5,5.93,1163.06,16.1169,82.4423,0.140802185,1284,394.7328,2301.046263,14159.52201,2391.662564,4351.390875,3058.609079,2.308104975,0.834564761
152,BESC-323,4/30/24,14.08506133,0.407224461,6.42,76,6.585,1394.93,17.8161,70.3465,0.070881793,1198,282.2724,2397.839283,14346.06145,2557.2997,4784.026309,3305.635165,2.047430546,0.832058288
153,BESC-330,4/29/24,18.47390039,0.547290812,11.36,91,7.03,1536,18.2420,52.8394,0.17364919,931,219.3138,2268.792027,14088.54719,2518.758297,4642.05941,3251.938278,2.100425271,0.83797435
154,BESC-331,4/30/24,17.8832986,0.316892739,13.06,57,5.605,637.45,10.9745,77.0310,0.113405087,1306,393.9318,2019.783781,9981.086742,2387.589283,4002.704845,2717.365535,1.579400092,0.791845273
155,BESC-336,4/30/24,21.65073396,0.451343731,15.37,82.5,5.485,886.87,10.9054,58.8873,0.047696858,1465,473.0706,2117.203702,13553.01739,2561.580799,4541.27932,3165.436168,2.065868524,0.842155224
156,BESC-342,5/9/24,17.70683132,0.313761852,18.19,33,4.12,215.28,2.8217,56.5884,0.75540462,1365,343.7892,2524.968208,13405.60188,3110.902932,5633.358585,3939.347899,1.470141317,0.809393119
157,BESC-345,4/29/24,18.01786942,0.23661437,20.56,91.5,5.805,1497.41,15.8684,62.7070,0.022403748,1153,276.1848,1873.035345,11886.07066,2063.398214,3853.194397,2428.303466,2.156963641,0.8417803
158,BESC-346,4/29/24,22.48366743,0.431300685,15.18,77,6.41,1013.55,14.4644,65.5718,0.076675965,1982,565.9866,2015.343371,12380.09545,2897.691981,5483.801276,3825.088137,1.326034728,0.834322905
159,BESC-347,5/7/24,19.85354155,0.353398657,22.68,64.5,6.205,517.27,10.9505,89.1268,0.162778754,1416,470.988,1837.305975,9846.57619,2610.153058,4547.890635,3120.077384,1.296459065,0.810733121
160,BESC-349,4/30/24,17.53363464,0.384912808,,68,5.51,933.96,10.8552,61.4338,,1447,412.0344,2084.514566,12352.25321,3081.946783,6803.38227,4650.999972,0.856753644,0.827554506
161,BESC-35,5/6/24,10.81868521,0.165473894,8.13,49,4.46,579.52,7.8169,74.9089,0.234504944,1221,219.474,2194.249529,11793.89456,2588.244196,4345.300121,3076.182097,1.771608023,0.812688841
162,BESC-350,5/7/24,13.04614299,0.288645342,12.11,62,5.675,911.85,11.6655,61.1155,0.146163389,1348,410.5926,2042.190574,10040.60072,2662.204135,4685.381697,3461.411744,1.212405914,0.793941646
163,BESC-354,5/7/24,15.39011761,0.464553164,9.22,71.5,6.115,1155.73,17.9935,66.1024,0.015715284,1154,400.5,2198.99512,10940.27944,2459.353896,3912.115377,2831.422071,1.859529142,0.796589929
164,BESC-357,4/29/24,15.18627489,0.275617818,10.81,84,7.32,1840.14,21.7238,61.4338,0.191263319,1020,331.4538,2290.669768,13213.06426,2730.445374,5323.488005,3649.583298,1.534048828,0.825992969
165,BESC-36,5/6/24,17.71601037,0.182509234,19.29,49,6.085,511.33,8.9308,71.8673,0.061492799,1330,359.9694,2018.35054,11359.9096,2784.380214,4910.096169,3163.753634,1.383613705,0.820021195
166,BESC-361,5/3/24,11.05993773,0.402187692,5.64,57,5.565,755.05,9.0891,60.0545,0.110748651,969,301.8168,2285.883385,10938.29053,2611.177506,4575.560611,3536.403755,1.447592355,0.785314797
167,BESC-366,5/3/24,11.99952314,0.312805816,9.63,46.5,4.965,950.03,11.3979,90.0817,0.290087518,849,300.2148,2391.028062,12333.80397,2745.715567,4807.157703,3531.706961,1.699004207,0.805273588
168,BESC-368,5/7/24,12.89480122,0.232668568,8,57.5,5.585,971.57,15.6616,86.1028,0.078580548,1073,258.5628,2331.645887,11994.07916,2470.840286,4046.940821,2904.092563,2.028606577,0.804454706
169,BESC-37,5/8/24,13.45627101,0.199894977,13.58,44,5.46,625.96,9.7289,73.4235,0.1871996,1199,267.3738,2124.802649,11133.41835,2646.347642,4342.923621,3162.997116,1.628896656,0.807061111
170,BESC-371,5/8/24,17.69532534,0.362809785,11.87,85,7.045,1180.47,17.4009,70.1343,0.117202598,1224,312.39,1836.488086,10575.34462,2299.643802,4034.017013,2547.643062,1.673726243,0.824208166
171,BESC-375,5/3/24,14.41755394,0.25364923,9.87,43,5.43,724.76,9.3261,79.4124,0.102730178,1275,393.9318,2303.813971,11102.74032,2629.527733,4323.034126,3207.23462,1.633194169,0.78755515
172,BESC-38,5/3/24,18.82892615,0.386031595,20.02,66.5,4.975,540.03,8.0376,67.8000,0.066319792,1454,468.7452,1780.984863,9637.100265,2475.189534,4736.915026,3101.988014,1.156978398,0.811780314
173,BESC-381,5/2/24,15.79302544,0.464117923,10.31,47,4.755,661.19,8.3950,69.0732,0.182465962,1223,398.4174,2187.702463,10866.51136,2526.957749,4375.108514,3053.190084,1.570221837,0.796883836
174,BESC-388,5/10/24,18.50105405,0.396550299,20.44,43.1,6.525,659.57,9.0321,65.3596,0.241441293,1564,339.7842,2131.052785,11065.20853,2909.789894,5377.392123,3466.754132,1.143104618,0.80155125
175,BESC-389,5/2/24,10.2900529,0.275300418,5.28,51,4.865,733.31,8.9693,78.3042,0.061604844,935,224.6004,2564.20623,12730.11636,2331.520901,4056.163158,3054.687528,2.186958602,0.797752595
176,BESC-390,4/29/24,18.37617679,0.387708,20.17,78,5.46,850.33,10.1715,54.1127,0.213236292,1570,327.9294,1892.837944,10537.77042,2453.579987,4165.644916,3054.327333,1.623263874,0.817245771
177,BESC-391,4/30/24,19.50834505,0.248359226,21.08,70,4.925,1006.55,12.0794,70.0282,0.037357114,1507,280.1898,2778.85917,16750.9831,2641.82243,4790.168515,3315.616509,2.561473879,0.834510958
178,BESC-392,5/3/24,14.08408925,0.34105403,10.53,52,5.835,857.69,12.3265,62.3887,0.075203304,1528,359.4888,2273.591423,11470.14989,2564.303024,4218.813127,2972.786883,1.787026394,0.798211681
179,BESC-393,5/6/24,13.16441151,0.350444829,9.32,57.5,5.465,828.96,11.8007,66.1024,0.233204303,1351,241.4214,2300.190026,12192.31042,2886.010529,5158.060539,3710.43841,1.440329144,0.809513395
180,BESC-394,5/8/24,21.7214782,0.297598709,28.5,52,6.035,902.74,14.3158,94.9624,0.170056312,1631,325.6866,2355.615927,13759.23681,2967.173422,5520.517038,3536.920919,1.559548189,0.827106655
181,BESC-398,5/10/24,15.05486201,0.389663487,13.35,32.5,5.065,465.11,4.8546,64.1394,0.078016663,1042,410.5926,2691.525666,13477.79607,2957.833115,5359.588888,3581.439978,1.54301255,0.802489107
182,BESC-399,5/6/24,10.55348675,0.305510294,4.76,61,5.605,744.27,9.5372,64.2986,0.142120463,904,199.449,2437.389542,12593.79549,2555.275995,4329.668704,3155.365853,1.984626924,0.805941579
183,BESC-400,4/29/24,16.81555108,0.290556055,13.3,103.5,6.74,1866.73,24.6459,76.0761,0.058706151,1092,232.7706,2155.401981,13470.59805,2226.808988,4216.252343,2872.424394,2.239895495,0.840725111
184,BESC-406,5/3/24,19.37090096,0.289429308,26.95,43.5,5.475,387.2,6.7223,81.4873,0.015422127,1539,350.1972,2092.691642,10787.24133,2638.422302,4427.652621,3238.144475,1.530523907,0.801245405
185,BESC-407,5/10/24,15.13294875,0.363329335,14.65,39.7,5.3,569.94,6.7245,70.5587,0.265294924,1310,257.2812,2414.610826,12493.00494,3113.742468,5758.491308,4076.491669,1.259973343,0.80551686
186,BESC-409,4/30/24,13.72228804,0.413535562,6.59,66.5,5.03,808.48,9.4286,55.0676,0.339797154,1411,411.8742,2033.287859,10947.20219,2763.302667,5008.503547,3658.257303,1.261905705,0.812389085
187,BESC-415,5/10/24,17.688955,0.455434368,19.8,18.1,3.02,104.66,1.1666,47.8526,0.093580158,955,508.7952,2386.408901,11684.00157,3219.119366,6496.434847,4473.291172,0.919158621,0.795442171
188,BESC-417,4/30/24,20.80151063,0.317723833,18.48,61.5,6.035,801.7,12.4298,73.8479,0.253052803,1584,322.3224,1921.764582,10984.6723,2429.489867,4171.095587,2841.161112,1.699372869,0.822065476
189,BESC-418,4/29/24,13.25421936,0.331573374,10.4,72.5,6.18,1244.8,17.0870,62.0704,0.245134352,1195,223.1586,2041.311057,11605.78056,2606.387055,5016.322026,3565.093796,1.378642068,0.822464175
190,BESC-42,5/8/24,13.80774862,0.364967494,8.65,48.5,5.055,637.41,7.9350,62.0704,0.134943935,983,263.0484,2104.170022,10567.31438,2663.156802,4594.811427,3445.189112,1.387317888,0.798309842
191,BESC-425,5/7/24,14.75725063,0.320458977,9.18,30.5,4.23,373.13,4.8762,73.7418,0.035823549,1165,345.231,2336.650838,11196.9168,2782.593111,4720.785259,3525.576476,1.426495154,0.788360488
192,BESC-426,4/29/24,18.43198809,0.393938183,20.12,72.5,5.61,1012.71,12.0079,59.8423,0.222304802,1536,216.1098,2090.287187,12671.32845,2806.025423,5000.703016,3614.678935,1.63307487,0.833658756
193,BESC-429,5/2/24,14.6030944,0.235707673,14.91,50.5,4.745,754.79,7.8688,57.4549,0.201607306,1337,363.3336,2081.843319,11237.11801,2895.545414,5478.306761,3945.284548,1.125640994,0.81154167
194,BESC-438,5/3/24,13.56786308,0.303398963,9.02,60.5,5.07,582.31,7.9740,63.5677,0.325563229,1156,374.2272,1948.959399,9947.378455,2241.385443,3732.280817,2795.244925,1.777036615,0.800542474
195,BESC-440,4/29/24,12.14033352,0.205638733,10.63,96,7.43,2322.09,28.8505,64.9352,0.06419611,571,137.772,2718.561271,15419.80302,2834.054278,5013.65459,3561.88363,2.149923573,0.822647035
196,BESC-442,5/3/24,6.457734199,0.167696277,4.41,71,5.735,1207.56,14.3062,67.1634,0.105691474,906,251.6742,2333.494766,10670.09191,2521.382668,4282.958236,3211.763203,1.546807387,0.779629599
197,BESC-443,5/9/24,16.17490974,0.197304259,28.94,29.5,5.11,356.81,5.8739,95.6344,0.448451125,1658,379.0332,2594.511583,10252.76713,3250.391228,5225.233853,4131.739551,1.049020571,0.744971385
198,BESC-45,5/6/24,12.43019171,0.175146259,10.08,73,6.355,1147.41,16.1445,77.0310,0.278170771,1088,197.2062,2265.578718,12347.77783,2709.12657,4527.452724,3212.984794,1.826678355,0.81447813
199,BESC-450,5/7/24,12.53900253,0.315310884,8.5,50.5,6.31,998.32,15.7543,73.5296,0.032321084,998,221.5566,2256.126073,11672.69848,2649.503983,4326.345615,3162.422919,1.751455103,0.805389463
200,BESC-453,4/29/24,16.97781094,0.368695098,12.51,69,5.9,1426.31,17.4142,65.8901,0.299979351,921,288.8406,2295.764129,11926.14962,3137.466958,5725.590425,4311.810216,1.188369389,0.806370487
201,BESC-457,5/7/24,15.1013227,0.218651675,14,63.5,5.46,988.96,14.9723,79.3653,0.044988983,1277,313.992,2210.343366,11582.06333,2917.687819,5450.676309,3724.844367,1.204178916,0.807955679
202,BESC-46,5/6/24,11.97642871,0.135031018,22.45,61.5,6.24,1032.31,14.0072,62.1553,0.037866204,1092,262.0872,2035.762795,10624.41907,2406.605371,4110.959212,2638.344546,1.65204799,0.806155155
203,BESC-464,5/2/24,15.87288404,0.353100416,11.26,31.5,3.875,279.26,3.3465,68.7549,0.16892241,1092,334.9782,2549.264249,10977.08861,2570.392193,4248.586468,3199.182335,1.638265282,0.765697285
204,BESC-469,5/1/24,19.27999725,0.31354578,19.76,60,5.205,617.97,9.6472,70.9831,0.16892241,1581,281.3112,2061.235851,11838.38792,2591.723084,4625.584191,3162.416006,1.618126488,0.820476809
205,BESC-48,4/30/24,10.01092972,0.30834774,6.27,69,5.425,837.32,9.9244,61.7521,0.152372754,961,332.2548,2094.193745,10426.85508,2204.895169,3466.966287,2708.640874,2.09992333,0.797994333
206,BESC-55,5/8/24,13.03386333,0.398257008,7.48,49.5,5.385,467.58,7.7898,77.0310,0.261890774,777,262.0872,2385.508809,13583.83348,2733.335921,4996.566702,3476.097245,1.779822135,0.82302908
207,BESC-59,5/9/24,14.32566653,0.351610011,11.36,36,6.24,668.72,10.0581,73.0521,0.159145411,1008,272.34,2515.563469,13256.37376,3193.5717,5698.523627,4157.850975,1.399629701,0.808823674
208,BESC-6,5/2/24,16.06236867,0.216794142,12.25,50,5.88,591.91,17.1886,60.2667,0.142129368,1515,441.8316,1837.224737,10279.76762,2495.482803,4600.724743,3191.874867,1.295147323,0.817141545
209,BESC-64,5/1/24,15.50547782,0.160454426,23.04,26.5,5.3,436.34,6.5307,80.3556,0.021748426,1449,473.2308,2588.872722,12038.09976,3193.371967,5538.865926,4185.664386,1.25886383,0.77852906
210,BESC-70,4/29/24,14.64861892,0.239535554,12.23,68.5,7.1,1324.21,17.3161,63.6620,0.266671261,1161,268.1748,1951.100338,9973.668584,2524.847679,4440.97318,3151.734223,1.305686684,0.800176973
211,BESC-71,5/1/24,21.58909188,0.268817382,23.95,48,4.69,498.24,7.2222,71.9380,0.130379885,1404,295.8894,1931.365545,10756.19604,2479.722768,4199.619982,2820.231139,1.645936363,0.817504525
212,BESC-73,4/30/24,21.26130715,0.296348898,28.96,76.5,5.57,500.9,7.3850,54.4310,0.064040348,1883,443.2734,1813.271961,10891.10278,2561.23495,4337.5845,3066.644434,1.613454139,0.831156952
213,BESC-74,5/8/24,13.96336774,0.208147871,14.47,40,6.03,975.17,13.6251,83.2911,0.215820299,1137,384.9606,2185.569342,11313.625,2515.127155,4245.970981,2993.37108,1.723127626,0.805532346
214,BESC-76,5/1/24,16.32136594,0.260976223,17.75,48,4.74,583.44,8.6708,77.9859,0.241710421,1233,353.5614,2132.72637,11938.84144,2635.86023,4836.350181,3363.772242,1.522684085,0.820290611
215,BESC-77,5/10/24,10.86361009,0.15013188,13.22,27,4.675,377.73,4.3252,72.7869,0.135818772,882,306.9432,2742.673777,12012.60483,3120.820857,5462.481556,4183.414685,1.340059384,0.770705965
216,BESC-78,5/3/24,10.3494286,0.243729826,6.87,60,5.21,706.74,7.8237,51.3068,0.159620022,1495,407.2284,1749.698499,9479.844841,2412.027589,4603.117453,3215.820448,1.139238324,0.813826624
217,BESC-8,5/10/24,8.707037115,0.304680592,5.2,28.3,3.4,199.84,1.2288,37.7728,0.151520459,1215,445.356,2566.571258,11640.3717,3409.956527,6215.352504,4625.305822,0.932036781,0.779456422
218,BESC-80,4/29/24,14.92810441,0.231242741,4.02,80,5.86,963.21,11.5327,46.4732,0.203337754,725,217.2312,2183.883956,12588.09488,2838.064709,5072.352843,3621.883051,1.531182802,0.825669531
219,BESC-807,5/9/24,18.46415468,0.311963581,19.32,33.5,5.065,327.88,4.7772,82.9964,0.018789777,1922,308.2248,2154.614444,11546.36299,3231.438152,6073.230885,4279.204126,0.991979182,0.811223541
220,BESC-81,5/6/24,10.85630374,0.14026408,10.51,68.5,5.175,941.12,13.6538,77.8798,0.17421626,867,199.7694,2345.351961,11778.00921,2503.929584,4352.113639,3109.960274,1.785907774,0.800340867
221,BESC-813,5/6/24,18.06903196,0.331881634,22.07,45,6.025,902.94,14.5551,80.2141,0.285918931,1079,300.6954,2089.409418,11793.00728,2680.406689,4925.760362,3180.255113,1.457063361,0.821853871
222,BESC-816,5/8/24,12.53620017,0.451745247,7.34,55,5.545,564.69,10.1857,67.0042,0.039235476,1061,354.5226,1919.838585,10507.74383,2464.590186,4390.406542,2968.905656,1.445389354,0.814454849
223,BESC-819,5/3/24,15.01515129,0.278724285,13.68,49.5,4.93,754.51,9.5305,80.9214,0.104007916,1045,282.9132,2670.918101,13422.10644,2844.294235,5494.710617,3489.110797,1.478680687,0.800530268
224,BESC-822,5/2/24,12.82841882,0.283941521,8.42,47,5.255,704.76,8.1090,63.9803,0.104007916,1011,294.1272,2018.279623,10645.74128,2350.190311,4336.357453,2789.229328,1.511073417,0.808979649
225,BESC-825,5/1/24,12.61240745,0.224681095,9.28,54,4.76,851.76,10.3036,64.6169,0.107925261,1145,203.6142,2043.738673,11674.91824,2440.634605,4602.041031,3065.269027,1.599179315,0.823399692
226,BESC-836,5/7/24,20.35781404,0.290838287,17.27,62,5.535,642.85,9.6412,75.7578,0.011261875,1605,283.3938,2080.232546,11937.74023,2608.303031,4659.59358,3012.266706,1.622048473,0.824332682
227,BESC-837,5/10/24,14.72000983,0.290715156,11.1,32.5,4.76,454.44,6.2317,69.0732,0.169089693,1339,283.8744,2719.602033,13450.35114,3287.196348,6603.230874,4561.757279,1.090982527,0.798083619
228,BESC-840,5/6/24,22.49114522,0.341025597,28.8,66,6.345,579.26,12.3339,73.1052,0.072845551,1309,312.5502,1816.322067,10265.00013,2376.876623,4142.133196,2622.796815,1.535926924,0.821125257
229,BESC-844,4/29/24,19.69237871,0.451645648,19.55,76,5.98,1252.79,14.2813,56.9775,0.168787087,1467,300.0546,1920.815762,12042.83737,2382.715866,4486.689642,2952.112671,1.73829993,0.838750998
230,BESC-846,5/2/24,13.2321338,0.297740221,10.46,60,4.945,1112.06,11.1398,71.5136,0.097752704,1016,281.151,2371.014991,13176.08468,2353.595497,4256.842923,3000.28926,2.132578391,0.819436224
231,BESC-847,5/2/24,10.44695039,0.116700478,10.83,61,6.405,1621.44,19.8072,81.6995,0.028067624,800,164.6856,2670.743029,14485.10487,2570.695283,4364.983386,3235.548737,2.362684639,0.815093705
232,BESC-850,5/1/24,15.14556397,0.28906675,12.62,50,4.855,663.58,8.2713,63.9803,0.137703288,1267,276.8256,2037.34519,11910.62065,2426.674758,4368.084509,3063.572175,1.782702995,0.827681357
233,BESC-853,5/2/24,14.67823061,0.257772696,12.31,50.5,5.42,719.15,8.6897,64.0864,0.171543254,1188,328.0896,2184.490263,11011.30043,2278.827616,3849.061618,2965.777383,1.96176156,0.795602368
234,BESC-855,4/29/24,15.93279877,0.373231941,9.01,79,6.4,1611.68,17.6945,58.2507,0.486372801,951,284.9958,2169.869384,13263.88943,2743.916057,5583.836871,3792.450759,1.434059915,0.835982415
235,BESC-856,4/29/24,20.75500686,0.411221556,13.59,74.5,6.53,1048.25,14.1439,70.9831,0.056299184,1696,356.7654,2007.075286,11848.7459,2774.932877,5174.612282,3469.560814,1.357836606,0.828193927
236,BESC-859,5/10/24,18.47922424,0.441968424,12.37,35,4.63,292.53,#REF!,#REF!,0.16912312,1722,577.6812,1945.608169,9681.99477,2681.810441,5043.125769,3473.671765,1.011425157,0.794811814
237,BESC-864,5/2/24,18.75114214,0.356389895,13.96,42,5.465,492.78,7.3853,75.1211,0.243791857,,267.0534,2296.026023,10373.00573,2920.362204,5007.571399,3791.524635,1.143893279,0.775356527
238,BESC-869,5/7/24,15.87546687,0.360468436,9.57,35.1,4.745,384.18,5.3010,78.8347,0.138726027,1554,353.7216,2078.28047,10251.06672,3036.618545,5769.493384,4232.572584,0.881802724,0.793429128
239,BESC-870,4/29/24,19.66132545,0.316226026,15.3,77.5,6.29,735.1,12.0102,58.8873,0.069712653,1056,364.455,2054.097532,12441.81582,2779.924637,4998.725962,3623.703871,1.582235513,0.831964351
240,BESC-872,5/3/24,14.09285279,0.371160879,10.06,50,4.94,780.39,9.8088,78.7286,0.219467783,1177,257.922,2753.766595,12621.91522,3159.662481,5653.494448,4303.304679,1.316048449,0.77848614
241,BESC-878,5/9/24,18.34526575,0.401337602,14.44,48.5,4.545,667.05,6.8355,60.9033,0.157506645,1107,249.2712,2365.651272,14936.10055,2903.108103,5611.556315,3615.629672,1.720033062,0.84113957
242,BESC-884,4/29/24,20.52431523,0.397402225,19.9,75,6.02,1469.39,17.0690,63.6620,,,472.59,2097.72366,13541.76301,2816.849999,5231.140207,3565.753659,1.640798628,0.844025607
243,BESC-885,5/2/24,13.83694435,0.34065584,10.71,50,4.985,867.51,9.5988,64.0864,0.071124775,944,241.5816,2698.298733,13904.46834,2515.718363,4281.249376,3275.794481,2.303257374,0.80582316
244,BESC-888,5/3/24,12.24257379,0.490879852,6.03,43.5,5.145,728.13,9.0506,75.5455,0.038190671,896,360.6102,2519.634561,11789.78399,3015.042124,5266.079945,4065.913834,1.31718413,0.784439713
245,BESC-891,5/7/24,11.43340082,0.309407809,6.66,49,6.14,1058.37,14.3512,69.9221,0.472500709,1242,412.3548,2234.668812,11031.46747,2809.247606,4742.05558,3540.036413,1.414828462,0.795765497
246,BESC-904,5/7/24,13.40520902,0.298212061,9.67,51.9,5.58,1059.48,16.3807,89.0207,0.11982934,999,271.539,2479.222406,12473.12442,2717.055265,4704.793196,3273.07141,1.696692498,0.799720126
247,BESC-906,5/8/24,12.51456848,0.176782979,11.3,52,5.335,688.78,10.2375,83.8216,0.275160055,1012,260.9658,2141.712051,11918.66579,2445.985019,4131.906286,2877.040521,1.943621553,0.818523108
248,BESC-908,4/30/24,21.23175353,0.353570916,21.11,68,5.9,767.41,12.0581,67.8000,0.294220987,1593,396.3348,1956.712461,11024.55405,2619.828541,4577.477181,3034.812265,1.494022186,0.817788319
249,BESC-909,4/29/24,14.58905724,0.33612926,8,71,5.78,1245.38,15.1435,67.1634,0.436464364,1021,208.9008,2477.396893,13040.85315,2798.750185,4683.421959,3666.365991,1.861354486,0.810371329
250,BESC-94,4/29/24,15.74650581,0.223264272,18.63,78,6.36,1433.33,16.3119,53.1578,0.530432528,1410,275.8644,2206.759801,13521.19004,2704.933237,4829.909159,3414.420169,1.854947854,0.835584101
251,BESC-97,4/30/24,12.41456715,0.0974603,25.86,69,5.8,685.18,9.3427,59.5239,0.083828399,1611,408.6702,1617.709776,9825.422298,2120.721774,3766.508002,2581.306396,1.734926388,0.832415555
252,BLCG-28-3,4/30/24,9.451654552,0.29114474,4.51,63,6.22,860.73,11.4949,54.1127,0.177005062,990,336.5802,2259.583036,11764.21841,2782.551424,4767.647877,3802.901165,1.553679762,0.804926793
253,CA-01-03,5/9/24,17.84738692,0.34429666,11.44,27.5,3.72,244.93,2.9471,61.3277,0.050645286,993,312.0696,2317.524324,13407.6317,2928.960584,5691.162729,3849.789588,1.425024081,0.826243547
254,CA-02-02,5/6/24,11.44882253,0.428278764,4.23,50.1,5.165,622.52,7.9179,68.5427,0.30798095,1226,291.4038,2486.241933,11632.91456,3209.425223,5957.367909,4391.736618,1.04548429,0.784455872
255,CA-04-03,5/2/24,13.36320685,0.456790594,9.56,61,5.735,936.36,10.5692,60.1606,0.101906201,1033,305.0208,1989.142047,10346.1123,2425.782585,4651.570052,2871.571414,1.261630285,0.806902012
256,CHWH-27-3,5/1/24,17.24839681,0.377481281,13.9,55.5,5.715,771.86,11.2023,79.8958,0.128317165,1155,282.753,2227.418522,12586.83026,2694.162536,4598.274971,3250.413564,1.810751252,0.821301704
257,CHWH-27-4,5/7/24,13.72050512,0.354803556,8.85,54,5.34,769.8,10.0383,68.0122,,942,202.653,2450.873698,12822.22275,2554.686081,4650.084592,3244.405424,1.797406662,0.808556006
258,CHWH-27-5,5/3/24,11.55676042,0.304335599,7.04,56,5.34,941.29,13.3781,85.9437,0.046558113,996,256.9608,2233.851082,11347.47809,2436.554966,4301.434405,3072.667888,1.70256825,0.801959054
259,CHWI-27-4,5/3/24,16.77149395,0.298957851,18.22,51,5.115,415.42,8.3570,76.7716,0.001239165,1272,471.3084,2249.166468,12727.96257,2542.147525,4535.113131,3055.56523,1.876884112,0.820492205
260,CHWJ-27-1,5/1/24,16.31392789,0.22348337,15.07,45,4.98,821.23,9.8074,68.4366,0.204169931,1070,255.9996,2359.191653,14392.80843,2535.954242,4362.601666,3147.798896,2.354356829,0.835161453
261,CHWJ-27-2,5/9/24,12.47551105,0.123921195,18.49,32.5,4.07,140.67,2.2401,68.4720,0.038564989,1386,361.5714,2015.731516,10355.36021,2581.523221,4357.729429,3246.032781,1.614961178,0.803857795
262,CMBF-28-1,5/3/24,14.62953928,0.326512564,11.26,57.5,5.605,1041.73,13.7924,82.2831,0.381922421,1110,251.1936,2429.527508,13078.93987,3070.633414,6279.352666,4367.363469,1.168148744,0.813272939
263,CMBF-28-4,5/2/24,11.7716858,0.285490034,5.76,54.5,5.315,1047.83,11.7833,73.4235,0.174089995,860,256.4802,2423.087411,13962.25015,2567.183298,5141.579312,3334.70507,1.814527789,0.825778566
264,CNYH-28-5,4/29/24,20.45641762,0.519957807,11.44,82,6.36,1265.03,17.1855,76.3944,0.294218522,1006,214.8282,1990.308866,12960.75242,2424.362366,4574.495583,3118.155481,1.897206106,0.844500612
265,DENB-17-1,5/10/24,19.80833195,0.286499268,7.81,50.5,5.145,474.84,7.0101,73.3174,0.092616886,1646,295.8894,2159.472044,11559.27935,2740.239247,4630.078289,3183.739252,1.584046096,0.811643908
266,DENB-17-4,4/29/24,19.15951296,0.303092383,19.47,85,7.69,1629,22.0974,68.1183,0.091139977,1120,219.6342,2099.698485,13602.45926,2688.485231,4898.252344,3199.274551,1.831945743,0.844494016
267,DENC-17-3,4/30/24,15.83015118,0.276353263,14.57,57,6.53,1057.76,15.6367,68.1183,0.126081039,1389,315.7542,1956.685992,11010.35457,2504.64995,4408.649914,2953.917167,1.568156349,0.819856565
268,DENC-17-5,5/7/24,13.12195342,0.288109984,9.47,65,5.445,877.32,11.5312,53.7944,0.118322463,1076,315.1134,2846.585685,13348.78175,2582.299008,4453.485824,3107.188253,2.055336746,0.785561633
269,DEND-17-2,4/29/24,20.45237707,0.333061953,21.18,80,6.44,1240.91,15.6344,53.7944,0.252500633,654,282.753,2136.467638,14110.39946,2817.022333,5509.470336,3568.834909,1.624027879,0.84802522
270,DEND-17-5,5/2/24,15.12785446,0.338181292,11.36,40.5,4.855,491.8,7.4230,59.5239,0.102676423,1295,431.4186,2187.623193,11116.09221,2719.698909,4829.932284,3129.671491,1.351466575,0.800730645
271,FNYI-28-2,4/30/24,15.69939008,0.298429808,16.8,62.5,5.885,1043.67,12.6641,59.5239,0.202629692,1461,398.097,2158.316109,12832.20612,2494.902974,4373.475527,3044.371388,2.017192323,0.83074853
272,GLCB-26-1,5/9/24,15.29887229,0.286999916,12,52,4.09,53.33,4.5893,76.9603,0.089418858,968,210.5028,2675.800474,14425.60702,3019.184077,5660.781318,3762.58444,1.59958141,0.813456215
273,GLCB-26-2,5/2/24,22.4215171,0.404048811,20.65,33,5.555,355.47,5.9451,76.9603,0.051303978,1399,345.0708,2021.160428,12262.16852,2864.389065,5399.927394,3836.088618,1.333399811,0.832685537
274,GW-2066,5/2/24,12.48908991,0.211924893,11.45,69,6.475,1612.61,17.9217,84.8826,0.044662236,938,212.265,2600.161574,14014.18164,2794.782836,5249.505045,3715.473987,1.746138619,0.813436452
275,GW-2572,5/8/24,12.74212811,0.2626601,9.98,59,7.37,1172.24,20.3604,84.8826,0.249922023,1086,343.1484,2409.021279,14419.24588,2807.218685,4910.495784,3561.778191,2.042512194,0.832822111
276,GW-7975,5/2/24,11.72508986,0.251534435,8.23,68.5,6.125,1665.02,18.0511,71.0892,0.010166165,838,203.9346,1942.010082,9676.160809,2551.464869,4298.160438,3178.219422,1.354153451,0.796085549
277,GW-9947,5/8/24,13.35014113,0.352620826,8.24,48,4.365,524,6.6224,71.0892,0.12396475,1200,386.4024,2022.010229,12243.79799,3040.405624,5814.461708,4245.037512,1.204844229,0.833094695
278,GW-10072,5/9/24,18.98395555,0.311014095,16.97,36,4.78,415.86,5.4892,67.6939,0.118581077,1075,297.3312,2329.94173,13613.54651,2655.290589,5092.588158,3479.69403,1.731315669,0.827544842
279,GW-10987,5/8/24,11.65160334,0.319922278,8.33,72,6.69,703.95,12.0025,67.6939,0.521140153,1207,494.6976,2446.241233,13227.47162,2926.486238,5302.204201,3558.584529,1.528754319,0.815090126
280,GW-10989,4/29/24,15.83501418,0.426487679,12.37,82,5.62,985.85,12.3546,60.1606,0.090002345,1546,456.7302,2593.048678,13498.09871,2452.931018,4134.144109,3073.29701,2.326399243,0.806668586
281,GW-10999,4/29/24,12.90412445,0.229815665,11.1,94,7.02,1021.36,22.5359,60.1606,0.393591818,665,210.0222,2447.049672,15189.53833,2627.210374,4500.645156,3342.080792,2.44999251,0.838532872
282,GW-11014,5/6/24,10.36132076,0.131984723,18.23,62,4.895,837.18,12.6146,70.3465,0.035286774,824,205.5366,3023.705074,14785.77995,2904.715696,5333.028548,3709.709791,1.818849794,0.795035612
283,GW-11019,5/3/24,12.0741479,0.213888829,10.55,60.5,5.305,869.96,10.3800,70.3465,0.052083062,1294,244.1448,2631.814646,14424.28506,2765.349389,4551.055687,3280.349092,2.233749312,0.816365448
284,GW-11021,4/30/24,17.07578881,0.323811824,14.35,69.5,5.84,1237.9,12.6193,36.0751,0.277787709,1319,324.2448,2159.823638,9670.709026,2171.777905,3366.32343,2533.944904,1.971617557,0.771842917
285,GW-11026,5/10/24,14.98864124,0.397151157,12.98,35.5,4.725,582.17,5.5041,64.1335,0.076788862,851,289.3212,2053.346056,10985.22954,2672.69526,4577.009176,3127.385543,1.454107648,0.810770313
286,GW-11031,5/7/24,11.23211629,0.254550661,6.35,63,5.75,1181.99,18.2031,75.1211,0.137488782,920,328.41,2101.93899,11474.83499,2550.925677,4606.6173,3048.540402,1.554616558,0.815495983
287,GW-11043,5/8/24,8.65692913,0.20795827,6.25,54.5,5.235,537.72,8.1137,75.1211,0.043022702,799,268.0146,1914.310546,10378.92417,2357.812018,4125.728264,2597.164871,1.639644581,0.812315032
288,GW-11045,5/9/24,14.18048871,0.217654094,16.37,28,5.64,540.69,7.4778,75.4394,0.410501662,1098,243.3438,2103.104478,11741.90512,2753.108399,5093.569973,3512.870761,1.434517348,0.819948698
289,GW-11047,5/9/24,15.36045457,0.235533978,12.91,47.5,5.52,543.81,8.3196,75.4394,,1174,265.131,2123.458439,10044.75957,2071.478878,3351.966909,2464.308575,2.085757559,0.786016553
290,GW-11052,5/6/24,16.29884994,0.353981012,14.6,58,5.735,545.17,8.3739,60.0545,0.048241427,1201,306.9432,2188.406654,12470.85343,2652.126645,4534.06855,2780.652322,1.808724661,0.823232733
291,GW-11053,5/9/24,12.61083126,0.183922557,14.42,58,5.46,582.48,7.5963,60.0545,0.095623346,1197,353.0808,1891.540064,8959.518897,2496.075093,4320.364471,2891.11714,1.172128062,0.78353604
292,GW-1909,5/7/24,11.86900304,0.24677133,8.84,58,5.915,607.48,9.7395,81.2751,0.033485641,744,211.7844,2346.713844,12310.29253,2477.866755,4362.215294,3110.470303,1.873281462,0.80825067
293,GW-1944,5/6/24,20.19894646,0.245918305,22.13,68.5,6.38,819.82,13.3449,81.2751,0.037074687,991,221.3964,2460.546412,11569.95305,2486.746289,4051.059845,2721.465042,1.90591418,0.787006027
294,GW-1984,5/7/24,16.1663617,0.248027525,16.64,60,5.695,516.99,9.1987,89.3390,0.222752445,1174,403.2234,2500.111142,13155.84376,2675.925587,4944.583747,3440.943148,1.714943333,0.809729458
295,GW-2045,5/3/24,10.2664471,0.153611654,8.33,44.5,4.785,871.78,11.9640,89.3390,0.095932084,748,249.912,2284.853815,11870.46933,2808.764241,4971.995802,3527.183898,1.489508682,0.80541083
296,GW-2048,5/2/24,15.06041561,0.280925171,14.79,63,5.39,852.71,11.3203,77.9859,0.042447674,852,278.1072,2154.857281,12277.15147,2818.87494,4903.089654,3011.679622,1.55281881,0.822550078
297,GW-2103,4/30/24,12.4177471,0.203621219,8.63,61.5,6.47,1551.98,18.2792,77.9859,0.167535155,1189,332.0946,2095.568571,9863.253858,2399.418666,3973.258184,2855.29718,1.544113579,0.784497749
298,GW-2118,5/10/24,25.34432775,0.434586143,27.82,45,5.74,474.48,6.5760,33.8470,0.165502508,1571,364.6152,1999.283655,11753.17885,2629.063965,4759.836923,3145.937307,1.566274388,0.827587867
299,GW-2161,5/7/24,15.95540963,0.206996888,,49.5,4.995,381.7,6.0218,60.1724,,894,331.4538,3130.550328,14844.36591,2909.350127,5468.183066,3633.990682,1.749407426,0.788116432
300,GW-2213,4/30/24,17.67329034,0.178138998,25.25,64.5,5.69,834.52,11.5375,75.1211,0.399784996,1449,512.4798,2078.805225,10472.61521,2631.825173,5034.898426,3389.01186,1.180178744,0.800511357
301,GW-2228,5/10/24,11.97335099,0.23574327,13.51,45.7,5.04,700.18,7.9574,75.1211,0.042335561,881,320.7204,1904.144259,11050.83996,2270.62163,3881.772818,2696.55364,1.913408219,0.825831443
302,GW-2283,5/9/24,12.83081315,0.185987878,13.23,30,5.405,390.85,5.7615,119.9675,0.168980936,957,378.873,2126.368266,11396.4742,2705.407232,4755.669633,3328.675985,1.461272068,0.811058473
303,GW-2299,4/30/24,11.95358367,0.148327228,11.91,63,5.905,1206.06,13.2955,67.4817,0.149998804,912,196.245,2290.30331,11817.44766,2619.88288,4691.839351,3336.878109,1.588689917,0.805459055
304,GW-2356,5/7/24,16.70982685,0.266761039,13.6,47,5.13,607.94,9.1965,81.5934,0.030809296,964,324.7254,1762.519972,8970.654421,2217.76317,3551.478648,2450.026899,1.60088829,0.797890921
305,GW-2358,5/8/24,11.59669729,0.250801677,8.91,60,5.105,583.79,9.1933,81.5934,0.067209919,862,196.4052,1954.191222,10270.89451,2687.959122,4987.890099,3162.881405,1.163446376,0.804566935
306,GW-2365,5/8/24,19.75654775,0.289609614,9.85,34,5.065,310.79,5.3527,50.9296,0.221741129,1196,328.8906,2076.975194,12843.54401,2453.03418,4538.534637,3108.294241,1.896113195,0.835426327
307,GW-2402,5/9/24,15.00087499,0.161438594,24.02,21,3.53,184.05,2.7144,90.5415,0.399414292,1053,158.598,1964.213518,10880.43893,2758.22432,5219.092756,3412.491422,1.1381669,0.817393427
308,GW-2505,5/1/24,12.87998447,0.410561718,8.16,46,5.78,774.69,10.3846,63.3437,0.041496872,1166,298.9332,2251.250222,10691.58867,2750.898079,4931.03832,3437.687137,1.215773895,0.787304329
309,GW-2506,5/3/24,19.70771242,0.447112702,17.35,63,5.29,817.18,10.6694,63.3437,0.233901183,1236,363.4938,3421.705777,13802.37551,2616.867651,4162.142085,3215.886349,2.367340983,0.753202583
310,GW-2515,5/2/24,17.03568589,0.376268788,14.44,58.5,5.505,867.16,10.9353,71.0892,0.11957116,1202,378.873,2211.202501,11170.09417,2567.146638,4109.2694,3009.747892,1.787339895,0.797583653
311,GW-2551,5/2/24,13.11349451,0.346432629,8.83,48.5,6,1473.69,17.7635,71.0892,0.148376442,788,166.9284,2261.083815,11810.46224,2336.797963,4095.638648,2904.861753,1.943517925,0.80844694
312,GW-2590,5/7/24,10.61441227,0.173855881,10.33,48,4.585,678.34,8.1505,37.4545,0.124065301,1038,301.977,2213.839275,11259.56374,3244.768681,5645.071582,4502.42752,1.101062965,0.799579469
313,GW-2716,5/9/24,14.0541528,0.231343483,16.06,34,4.47,240.16,3.2961,66.5857,0.141875948,1146,392.3298,2211.566438,10929.29833,2619.223101,4702.314816,3384.83424,1.378338465,0.793620019
314,GW-2720,5/3/24,16.13144895,0.343965908,6.93,40,6.105,652.28,9.4028,42.0169,0.027792042,1627,357.0858,2146.448296,12650.22168,2774.444329,5305.409474,3723.126169,1.453982381,0.828935593
315,GW-2886,4/29/24,11.59692638,0.186392239,8.2,92,7.34,1940.7,19.2019,42.0169,,,,2458.48057,10624.0028,2831.706345,4682.1912,3806.358922,1.414613935,0.768647981
316,GW-2889,5/9/24,10.27443026,0.211571641,8.53,33.5,5.765,595.13,7.1503,69.4977,0.162712546,972,237.096,2097.772728,11417.45726,2369.466319,4056.417975,2783.503793,1.870036075,0.815185366
317,GW-4530,5/7/24,17.5833032,0.327562642,13.12,47,5.975,864.37,11.8681,69.4977,0.061659589,1349,269.937,2602.44426,14781.62654,2530.381517,4750.698619,3361.045066,2.152464931,0.823775666
318,GW-4531,5/3/24,12.11965402,0.210508809,9.85,53,5.665,961.66,11.0472,66.9512,0.046162314,813,246.0672,2391.400201,12376.85942,2596.578641,4909.646542,3345.898154,1.560395148,0.806514239
319,GW-4579,5/10/24,16.68680267,0.350706518,13.3,41,4.645,534.05,5.8671,66.9512,0.051772938,978,182.628,1706.922211,9818.448648,2253.095038,3795.909308,2575.079612,1.682732733,0.823011629
320,GW-4583,5/6/24,19.03853539,0.326990541,23.74,41,4.83,383.46,6.5288,77.1901,0.619204734,1885,389.7666,2293.788068,12454.32009,2883.76752,5103.355572,3424.684668,1.493397837,0.813228457
321,GW-4585,5/9/24,16.2646356,0.305341511,14.56,32.5,5.595,711.24,10.0795,77.1901,0.343424003,1524,261.7668,2064.831379,9878.750886,2761.746453,4938.773833,3724.70616,1.078955433,0.788811936
322,GW-4606,5/3/24,13.34714877,0.353882626,10.38,37,5.035,342.16,5.5056,118.2698,0.184808259,898,341.3862,2156.796602,10837.92154,2552.479374,4495.005479,3216.557637,1.472138134,0.799210877
323,GW-4610,4/30/24,12.61715166,0.251147146,7.53,58.5,5.17,768.65,9.5829,66.5268,0.446710176,1154,389.9268,2249.072775,13864.20092,2545.657045,4635.167088,3169.523142,2.047515461,0.837132412
324,GW-521,4/29/24,21.03552726,0.504594088,17.41,77.5,5.995,1302.76,15.5277,82.2301,,,,1750.499373,9920.33805,2072.710863,3396.848007,2364.582599,2.008249663,0.820946973
325,GW-552,5/7/24,15.84919555,0.270520893,5.56,64.5,5.8,746.85,12.3563,82.2301,0.415115223,1170,300.0546,2312.428398,12581.43378,2642.262659,4869.296936,3606.015134,1.652679543,0.814899706
326,GW-6816,5/1/24,11.44705131,0.19014789,8.26,33,4.68,828.14,7.4258,57.4549,0.104558735,997,237.4164,2143.164256,11114.99662,2386.598218,3928.314691,2900.74784,1.903494374,0.806328668
327,GW-6855,5/8/24,10.10095186,0.282062762,10.96,45,5.265,642.48,7.3679,57.4549,0.087182469,872,258.0822,2723.427311,13549.27264,2475.77321,4167.611907,3094.31395,2.312064861,0.798519969
328,GW-6891,5/7/24,8.372998927,0.123378615,5.66,59.5,5.715,1405.51,18.9054,80.2141,0.039814811,1129,324.405,2513.246617,11693.05206,2404.475527,3917.122581,2824.853929,2.056611345,0.785412731
329,GW-6915,5/8/24,10.71331504,0.148532922,12.56,52.5,5.62,937.28,13.5152,80.2141,0.067537513,831,226.0422,2606.583597,14520.95071,2802.1243,5233.742214,3733.007251,1.813464324,0.820251718
330,GW-6952,5/1/24,9.302995253,0.215866322,4.64,62,5.95,1373.24,15.9184,77.6676,0.135232538,825,191.1186,2641.153893,15057.62178,3187.143382,6309.62509,4120.543862,1.472926454,0.824057555
331,GW-6969,5/3/24,15.03710143,0.262762193,13.6,61,5.865,1346.16,15.4075,77.6676,0.060866783,,,2357.41653,12036.53444,2322.370638,3957.205289,2922.436009,2.113859023,0.803167585
332,GW-6977,5/1/24,12.09271029,0.264816281,6.85,55,5.555,1103.33,14.2155,66.8451,0.132381449,1191,210.9834,2689.736276,16425.58898,2605.60642,4958.52521,3418.672908,2.364391356,0.836017755
333,GW-6981,4/30/24,21.39938404,0.279958053,25.63,71,6.415,1398.52,16.1150,66.8451,0.036723186,1350,337.8618,2232.615222,12937.53203,2669.726635,4742.013441,3417.03648,1.791196601,0.825858563
334,GW-7059,4/29/24,14.31587578,0.225225032,11.94,85,7.215,1220.58,15.8857,65.6779,0.101640998,916,291.8844,2360.896798,12019.69674,2252.701904,3909.112497,2763.15283,2.14620326,0.802799903
335,GW-7133,5/3/24,10.03625533,0.197109084,7.66,47.5,4.78,513.78,6.0762,65.6779,0.050076081,972,232.6104,2315.961357,13243.14885,2807.280761,5426.356584,3238.810589,1.481934352,0.824360124
336,GW-7136,5/2/24,14.25291992,0.236889482,9.76,53,5.425,1007.37,12.3199,81.8056,0.276074985,1045,238.2174,2577.400949,13828.72569,2557.874616,4506.520146,3019.082339,2.118214517,0.814204017
337,GW-7140,5/6/24,16.59227066,0.262903394,28.93,80.5,5.88,1941.61,25.8049,81.8056,0.213108481,721,137.772,2527.481325,12131.73298,2709.320969,4651.722939,3032.230835,1.653280787,0.790495222
338,GW-7141,5/2/24,12.33750584,0.306347939,10.22,64,5.355,1016.83,13.5248,77.3493,0.104509134,971,258.723,1844.297353,11020.85987,2455.504873,4364.853081,2888.191259,1.585154436,0.829565116
339,GW-7647,5/1/24,25.57814038,0.409571994,30.98,43,6.145,650.22,10.3682,77.3493,0.266821265,1604,252.9558,2753.91026,14275.94108,2658.112631,4649.48388,3137.375487,2.108599711,0.805887922
340,GW-7976,,,,,43,4.635,553.67,5.8264,76.9249,,1044,325.3662,2288.968775,9599.392089,2241.015537,3348.467151,2669.223546,1.959132694,0.758095188
341,GW-7977,5/7/24,15.3375027,0.198441393,18.39,78,6.745,1159.35,16.6800,76.9249,0.089338922,,,2394.782894,13603.29881,2740.129053,4641.877965,3143.112863,1.992565814,0.822773286
342,GW-7980,5/2/24,14.3103074,0.198435031,13.07,60.5,6.34,1038.79,13.8439,32.4676,0.02856362,983,241.2612,2261.279462,11921.98566,2305.390932,3996.272569,2729.569197,2.054780539,0.809506344
343,GW-7981,5/9/24,21.98397359,0.382964708,22.12,33,3.32,305.46,2.7767,57.7202,0.164083953,1134,324.0846,2526.368612,13404.5201,3235.274955,6401.851721,4592.936799,1.29190521,0.811204844
344,GW-7983,5/3/24,11.90572923,0.233381577,7.51,51,4.93,607.05,6.9016,57.6141,0.023425377,1089,362.2122,2110.168851,11161.18372,2763.313184,5099.951472,3600.20736,1.260205732,0.808640321
345,GW-7988,4/30/24,12.74151424,0.292183368,8.76,67.5,6.31,1107.38,11.4818,57.6141,0.202804325,1066,297.8118,2316.249911,12482.43854,2840.780483,5287.602076,3888.9365,1.445519228,0.814061173
346,GW-7990,4/29/24,4.806372021,0.119300011,3.13,66.5,7.385,1952.52,20.7840,73.8479,0.200009382,749,226.8432,2202.232544,10953.32528,2507.086023,4176.719369,3308.595333,1.726746943,0.796711713
347,GW-7993,5/7/24,13.50213845,0.339751448,6.58,65,5.895,907.85,13.4048,73.8479,0.396889795,838,201.3714,2247.241999,11924.15795,2722.141156,4590.293089,3333.326728,1.654883612,0.809291566
348,GW-7996,5/7/24,17.15043619,0.193260706,20.65,56.5,5.29,618.05,9.3816,47.4282,0.093932068,1175,231.9696,1991.960618,10356.76195,2335.498137,3970.293402,2615.006571,1.668098293,0.804747593
349,GW-8403,5/1/24,14.7441393,0.307499691,11.02,46,5.125,514.68,6.7939,84.3168,,,,1813.257075,9751.04622,2294.802888,3781.77558,2691.008943,1.677726584,0.811387769
350,GW-8489,4/29/24,11.09134504,0.167415698,8.4,72.5,6.88,1123.72,16.6941,73.8479,0.133958446,1087,205.2162,2328.646406,11353.59753,2378.247571,3790.16247,2860.382109,2.062678711,0.793591957
351,GW-8513,5/1/24,13.54383098,0.191164569,15.88,56,5.64,930.54,12.1033,73.8479,0.212325837,992,222.8382,2363.979662,13155.57262,2428.228861,4093.939466,2828.133351,2.269145688,0.819460006
352,GW-8585,5/10/24,13.32374702,0.262935576,13.68,29.4,5.39,488.06,6.3284,81.4873,0.227394774,1040,279.8694,2387.05546,11265.50386,2944.776712,5301.580442,3871.790303,1.212519315,0.78546679
353,GW-8608,5/3/24,19.93893022,0.539661471,11.84,45,5.665,1193.04,13.4178,81.4873,0.15010503,1292,219.474,2866.444204,15002.06448,3100.098202,6234.082813,3975.977296,1.481973245,0.809819616
354,GW-8611,5/6/24,15.32820334,0.433920633,10.71,54,6.05,1125.56,14.8634,76.0761,0.087959866,796,180.3852,2582.18237,13678.12629,2820.445341,5046.093052,3415.27044,1.749050031,0.810808345
355,GW-8639,5/2/24,11.16556969,0.323806801,8.88,46.5,5.31,1070.39,12.1941,76.0761,0.081944477,979,320.5602,2259.789319,11756.34212,2232.795829,3887.859227,2814.698913,2.061666409,0.806109496
356,GW-9579,5/10/24,17.08920915,0.325628556,12.07,21,2.49,80.13,0.6037,57.2958,0.370261777,1447,557.9766,2414.011387,11732.03047,2818.526076,5131.153049,3617.021983,1.345300228,0.793048111
357,GW-9581,5/9/24,15.22658995,0.181421878,17.25,39.5,4.86,455.27,5.2916,65.1474,,1160,301.977,2514.520882,14027.37373,2964.993979,5383.48718,3555.267345,1.672491662,0.820365819
358,GW-9582,5/6/24,14.6761164,0.253354787,14.47,64,5.975,912.82,14.1593,87.5352,0.049524728,956,273.942,2252.079003,12481.61017,2762.747806,4906.084869,3270.879343,1.595451161,0.81748234
359,GW-9585,5/9/24,12.24790375,0.220641977,8.19,40,5.195,722.19,9.3190,87.5352,0.100332299,891,154.593,2470.25404,13499.69569,2668.54631,4860.702593,3185.963404,1.839347789,0.816380627
360,GW-9589,5/3/24,17.64551231,0.378230535,12.44,57.5,6.065,882.91,12.0384,73.4235,0.017060112,1163,313.8318,2139.394996,11844.09761,2662.887049,4706.55657,3296.601167,1.566596331,0.817886179
361,GW-9598,5/7/24,20.28107105,0.414322634,14.38,74.6,5.765,837.8,14.0670,73.4235,0.09162194,1435,277.146,1930.747828,10734.11129,2591.197912,4657.2256,3149.934482,1.365443545,0.817806843
362,GW-9756,5/3/24,9.426309395,0.332467622,5.59,64.5,5.975,930.38,14.0135,60.4789,0.095548888,957,303.7392,2298.942959,11634.98484,2465.494925,4397.926463,3168.53036,1.709591454,0.799936832
363,GW-9758,4/29/24,18.59759097,0.488625983,10.96,88.5,5.87,1841.18,19.7263,60.4789,0.363933558,864,175.7394,2065.530633,12890.54768,2455.935362,4785.346731,3256.592663,1.753834032,0.839331097
364,GW-9763,4/30/24,15.9638854,0.368141962,10.24,75.5,6.06,809.34,10.7478,71.5136,0.110662251,1323,548.685,1952.64894,10909.2363,2767.549043,5284.981425,3892.351278,1.164501109,0.816921703
365,GW-9765,5/10/24,15.90610516,0.35947395,14.72,40.5,4.265,519.49,6.2800,71.5136,0.37726982,1202,342.5076,2291.355387,11838.12326,2643.05284,4318.232478,3292.41401,1.8560115,0.805085474
366,GW-9766,5/6/24,18.42986944,0.247159267,16.3,63,5.985,561.43,10.2740,68.5427,0.222464141,1560,256.6404,1938.339541,10688.96261,2649.345522,4567.110094,3163.167723,1.431259469,0.816448994
367,GW-9769,5/8/24,10.25971905,0.21936076,5.26,54,5.455,946.05,12.0789,68.5427,0.069955481,1063,272.6604,2664.327641,11368.0689,2944.967094,4777.561243,3857.846648,1.43132585,0.765082828
368,GW-9770,5/1/24,14.89698598,0.38105659,9.89,43,5.15,776.37,8.6458,33.8470,,1022,,2345.97559,13443.7317,2435.391854,4437.607478,3095.916414,2.074327266,0.82560369
369,GW-9771,5/9/24,15.24253082,0.191828037,13.11,41,4.685,320.84,4.4831,60.1724,,1261,376.9506,2104.427313,11202.73267,2541.215481,4656.86324,2905.484521,1.470611174,0.808820648
370,GW-9777,5/6/24,16.87386107,0.270579063,13.6,56,5.555,622.13,9.5811,89.2329,0.033641594,1054,353.8818,2223.246857,12767.13763,2749.0887,4758.432862,3115.598123,1.753567396,0.823918682
371,GW-9778,5/7/24,20.47641409,0.290778648,23.04,50,5.41,589.51,9.7470,89.2329,0.045703421,1607,418.122,2063.666811,11153.7985,2485.929407,3875.741814,2779.125889,1.95921786,0.811116846
372,GW-9781,5/7/24,13.78676766,0.31861655,9.14,50,4.98,690.38,9.0397,59.4178,0.04859042,1270,391.8492,1985.134933,10975.10949,2513.768189,4127.512405,2992.583565,1.715410042,0.817959544
373,GW-9782,5/10/24,17.92741828,0.455354644,14.26,31.3,5.015,260.15,3.9834,59.4178,0.350812817,1604,421.1658,2223.72069,11704.60954,2861.686343,5188.421557,3537.175947,1.326197257,0.808270692
374,GW-9792,5/1/24,14.22096498,0.218428279,13.31,58,5.955,1593.76,20.5983,65.2535,0.313284473,896,371.0232,2285.216756,12927.57565,2673.094679,4784.093784,3409.07248,1.758935236,0.822112939
375,GW-9796,4/30/24,8.406499062,0.292672866,3.81,70,6.34,1223.35,15.2137,65.2535,0.168734918,988,295.4088,2217.277561,11453.86015,2322.294945,3850.159564,2940.673441,2.042607699,0.8046089
376,GW-9797,5/3/24,12.35844071,0.381173101,13,54,5.135,738.73,9.9337,73.7418,0.253597139,1360,320.4,2225.409454,11132.17075,2995.898713,5435.187144,4035.646859,1.140406263,0.798591098
377,GW-9804,5/6/24,13.79326151,0.31234642,7.76,66,5.395,858.21,13.6836,73.7418,0.192585912,1075,248.1498,2324.903859,12613.87734,2734.690896,4759.305072,3334.869817,1.699598515,0.813581093
378,GW-9806,5/9/24,16.28645278,0.276629856,15.7,39.5,4.475,629.89,7.2064,37.0301,0.102505543,1094,207.9396,2507.05414,14042.35738,3228.479744,6131.970564,4262.806991,1.384089004,0.820812603
379,GW-9810,5/10/24,17.72703838,0.303367586,16.82,23.9,3.705,214.02,2.1293,65.8312,0.274325613,828,249.5916,2355.22279,12262.72414,3004.824368,5833.219843,4101.217568,1.154467834,0.805887834
380,GW-9811,4/30/24,19.22079379,0.289729381,19.7,58,5.8,900.74,12.2058,60.7972,0.164359258,1489,281.3112,2189.477182,11683.71823,2952.535355,5197.181521,3770.791091,1.363877774,0.811297811
381,GW-9813,5/6/24,17.29280992,0.294581666,13.15,78.5,6.295,1302.73,15.6064,60.7972,0.089352984,998,204.7356,2541.404396,13200.93986,2735.077619,4965.041857,3186.043084,1.685603103,0.807564091
382,GW-9816,5/2/24,19.66184887,0.440012331,18.49,41,5.005,490.55,6.0094,29.7620,0.270996625,1298,403.0632,2023.060127,9610.791143,2806.130944,5145.076774,3453.789298,0.986033593,0.785253194
383,GW-9824,5/8/24,12.44223742,0.310888896,7.9,47,4.305,317.08,4.0974,52.9102,0.322758316,1529,388.485,2243.068341,12981.85024,3491.453245,6951.203225,5153.012516,1.054888007,0.825260298
384,GW-9829,5/8/24,15.16057658,0.326359136,15.2,73,6.83,1242.12,17.8422,77.5615,0.162034967,1386,316.2348,1917.414868,10597.35436,2356.117152,3842.369974,2729.610103,1.855631788,0.816961002
385,GW-9831,5/8/24,13.28489803,0.318942563,9.48,60,5.685,970.4,14.5092,77.5615,0.166425757,1078,304.5402,2107.573602,10965.54732,2469.459508,4087.441595,3059.353771,1.772806442,0.806026771
386,GW-9833,5/1/24,12.01302597,0.2423632,16.09,43,5.195,922.37,11.2104,65.2535,0.078801308,990,212.265,2374.342747,12898.28149,2570.332642,4916.159992,3190.996718,1.676414242,0.815292716
387,GW-9835,4/29/24,13.35567745,0.212030663,9.52,81,6.19,1782.64,19.6048,65.2535,0.0908239,783,168.6906,2573.595189,14992.34946,2662.727643,5010.456699,3557.596777,2.040396855,0.828975226
388,GW-9837,4/30/24,14.49727548,0.406623031,10.45,68,5.44,964.87,10.9034,67.4817,0.38938774,1278,489.0906,2206.196888,12242.13687,3185.741513,5777.354176,4585.810169,1.228051466,0.818387613
389,GW-9841,5/2/24,9.778493406,0.2489777,5.5,47.5,5.255,973.54,10.7535,67.4817,0.046004947,750,263.529,2356.910838,12149.89876,2598.480961,4420.726435,3238.613416,1.803913846,0.805476561
390,GW-9844,5/6/24,9.041586186,0.157483455,10.36,56,5.225,1281.24,15.4453,101.8592,0.309967688,1268,378.5526,2279.161712,12104.79642,2993.178371,5477.723426,3981.888265,1.312016696,0.810383352
391,GW-9845,5/1/24,21.05744109,0.327197624,8.85,61,5.5,1017.28,11.2246,57.2958,,1031,222.1974,2545.438087,14295.76651,2772.254381,4962.230524,3539.404063,1.933691603,0.820980017
392,GW-9846,5/9/24,14.11835563,0.293001335,10.16,41,4.5,567.34,6.3431,69.7099,0.075814757,1016,257.121,2557.361016,14574.06387,3247.1119,6654.046353,4397.043138,1.281682174,0.823915505
393,GW-9848,5/6/24,13.97107187,0.296432422,5.85,62.5,6.47,775.95,12.3530,69.7099,0.181884892,1334,301.6566,2178.881187,12530.09228,2790.310905,4777.300445,3418.109682,1.724521652,0.82206643
394,GW-9854,5/8/24,10.16908049,0.124505082,9.31,61.5,5.115,727.82,9.6426,82.0178,0.063894753,776,240.1398,2596.401119,13893.41493,2565.475044,4250.172068,3124.463638,2.326200199,0.812655685
395,GW-9856,5/8/24,8.640855499,0.272024904,6.84,52,6.295,1253.33,17.5584,82.0178,0.266881106,1052,239.0184,2519.049612,12517.9155,2691.889681,4525.798486,3483.451559,1.814297777,0.798267748
396,GW-9859,5/8/24,11.45135012,0.205396748,11.02,49.5,4.95,607.83,10.2221,70.9831,0.211013593,1090,222.9984,1921.439829,10299.94029,2268.097615,3749.724067,2706.237611,1.833404588,0.811465333
397,GW-9861,5/1/24,18.36897414,0.244833254,21.65,50.5,5.795,1301.32,15.0195,70.9831,0.229726149,1062,264.4902,2639.166591,15964.39977,2802.629248,5301.614645,3670.631318,2.066521817,0.834213408
398,GW-9863,4/29/24,18.21878694,0.3534552,8.48,78,7.455,961.06,13.8456,75.3333,0.15203761,1028,364.6152,2089.103873,11639.7696,2636.766314,4404.463916,3339.797001,1.729952322,0.819491452
399,GW-9864,5/10/24,15.12209938,0.426332619,8.68,37,4.67,539.12,6.7473,75.3333,0.2590744,1033,214.8282,2593.378281,13431.32166,3257.454619,6341.962741,4394.681314,1.227711686,0.806157074
400,GW-9873,5/1/24,13.16741597,0.325295076,7.77,36,5.32,710.52,9.2809,86.5803,0.389189604,970,261.2862,2156.669931,11484.07133,2583.70826,4798.574947,3377.910327,1.461266538,0.808675286
401,GW-9874,5/8/24,11.318066,0.291920271,7.47,48.5,6.265,969.83,15.4668,86.5803,0.2289237,1084,357.4062,2310.197915,11090.72169,2598.865321,4373.363089,3339.183364,1.616620266,0.789411127
402,GW-9875,5/2/24,11.65546271,0.31620571,8.04,59,5.77,972.35,12.8637,36.7117,0.115090183,1228,315.2736,2176.748306,10335.05204,2473.099111,4147.720553,2918.387572,1.550768402,0.787957149
403,GW-9877,5/10/24,7.47815407,0.397873182,3.73,52.4,4.945,988.97,7.5608,36.7117,0.305844281,974,119.349,2094.166666,9287.94199,2610.082056,4644.472381,3829.022042,1.078326335,0.773055026
404,GW-9878,4/29/24,20.07266608,0.429449057,16.91,81,5.98,1278.09,14.4504,74.1662,0.409619803,1429,335.7792,2317.310964,13310.07914,2821.324479,5467.586714,3684.453273,1.466053591,0.825537475
405,GW-9884,5/1/24,23.1827904,0.424338603,21.39,45,4.33,280.58,4.9189,74.1662,0.372115387,1593,440.8704,1799.463121,11022.98251,2345.035158,4066.546295,2502.043604,1.802985958,0.83351606
406,GW-9886,5/1/24,13.52370242,0.286169498,8.66,61.5,4.98,1078.22,11.9049,73.5296,0.312137964,1354,283.0734,2485.660676,14098.48623,3220.253501,6726.429663,4945.97739,1.180334905,0.823410192
407,GW-9888,5/3/24,11.86789152,0.311311116,9.49,38,4.49,512.34,6.3474,73.5296,0.154976973,1093,319.9194,2136.833188,11553.6465,2674.489882,5238.972885,3652.417907,1.280460897,0.813316145
408,GW-9890,4/29/24,16.12484001,0.34789743,11.67,94,6.635,1534.34,17.2927,58.8873,0.307675764,794,254.3976,2331.077046,14986.88352,2864.053497,5948.232529,3941.358589,1.544396339,0.844067046
409,GW-9893,5/6/24,18.13191045,0.382432119,14.6,55.5,5.46,845.81,9.9613,58.8873,0.125757539,1015,261.927,2360.511351,14035.39476,2930.676767,5435.551107,3643.496461,1.618718379,0.831768961
410,GW-9896,5/1/24,14.42043688,0.206362285,12.43,65,6.22,1351.23,20.0288,73.8479,0.285139604,1312,267.534,2277.588627,12622.70148,2353.698208,3868.513626,2847.215015,2.332178196,0.818873524
411,GW-9899,5/1/24,14.56412955,0.381370156,8.16,45.5,4.905,380.16,5.7275,73.8479,0.149591175,1603,404.0244,1985.687148,11434.10597,2684.411398,4586.77585,3348.140965,1.589671076,0.822791422
412,GW-9900,5/2/24,8.663662478,0.191433815,5.17,47,4.47,557.81,6.2348,66.2085,0.071620674,814,197.2062,2336.923435,10922.99459,2114.486256,3423.367438,2675.448715,2.274425248,0.785413194
413,GW-9901,4/30/24,14.09055347,0.377024864,8.48,68.5,5.11,1136.65,13.3681,66.2085,0.147378379,1314,326.1672,2207.572229,12367.01504,2525.631349,4699.591081,3196.342406,1.676958257,0.818723793
414,GW-9903,5/7/24,12.34198376,0.196243012,10.1,61.9,5.915,930.08,12.1401,66.7390,0.035212306,1074,265.4514,2286.233258,12377.89594,2950.25157,5307.905961,3828.355805,1.393978873,0.814081638
415,GW-9907,5/9/24,18.17016821,0.436077694,12.68,29.5,5.715,520.44,6.7031,66.7390,0.137308629,1331,366.5376,2204.936547,11486.38751,2679.093618,4524.094252,3184.122265,1.610779569,0.80518055
416,GW-9914,4/30/24,14.79028043,0.337652854,9.31,72,6.62,1150.74,13.9501,51.2479,0.179180602,866,221.2362,2301.690952,13488.99724,2569.01542,4894.795555,3285.705846,1.803517311,0.828936801
417,GW-9919,5/1/24,15.42669587,0.328279948,10.45,61.5,5.09,547.9,6.7950,51.2479,0.219216451,1198,361.8918,1789.616227,10544.1504,2323.395642,4022.487615,2953.921189,1.756765713,0.827746222
418,GW-9948,5/2/24,13.21151481,0.31897011,8.54,51.5,5.315,874.08,11.0027,70.8770,0.114565752,952,195.9246,2336.261188,12492.78861,3601.96987,7377.500845,5588.759225,0.798832816,0.8121442
419,GW-9960,5/9/24,19.31320172,0.361672287,20.3,29.5,4.545,329.06,4.3319,70.8770,0.17427655,1103,325.6866,2330.579165,10461.3675,2398.882983,3851.03066,2764.755885,1.772727477,0.775688384
420,GW-9962,5/7/24,8.915776271,0.199058288,4.74,54.5,4.59,524.11,7.1893,66.2085,0.156174481,1173,503.1882,2557.224219,14229.79249,2940.687986,5438.186495,3985.992255,1.715545813,0.819262166
421,GW-9965,4/29/24,20.43111185,0.501258453,14.17,72,6.27,1586.8,18.7414,66.2085,0.396608816,1409,235.8144,2000.326725,10212.89262,2668.417895,4572.093327,3476.360367,1.349048161,0.802657895
422,GW-9967,5/7/24,14.91468649,0.256083307,13.1,64.5,5.6,585.66,9.0637,60.6911,0.040798593,1169,306.783,2247.05945,13127.00603,2827.810789,5340.067189,3498.565809,1.497511783,0.828127027
423,GW-9968,5/8/24,18.50428068,0.318058753,20.42,59,5.88,548.1,8.5183,60.6911,0.231911062,1315,301.977,1923.384882,10360.67101,2435.899,4077.781013,2858.172775,1.608580584,0.811316831
424,GW-9969,4/30/24,16.04936836,0.332053167,,65,6.08,984.9,11.5145,67.1634,0.026018891,1199,257.7618,1869.220416,9781.764077,2392.592925,4067.101084,2744.210365,1.472476089,0.805002788
425,GW-9970,5/7/24,13.23312119,0.406131121,8.09,56,5.135,575.99,9.1205,67.1634,0.310966744,1255,,1909.0458,12061.98593,2294.7525,4105.274483,2932.566407,2.001648335,0.838874107
426,GW-9971,5/7/24,11.98774207,0.247711988,9.02,44.5,4.755,434.9,5.6308,71.5136,0.305234532,1070,396.0144,2197.023741,10742.46001,2432.538825,3970.479071,2836.086033,1.7711653,0.793282902
427,GW-10982,5/8/24,16.23684932,0.22411028,15.36,41.5,5.795,384.09,4.7100,71.5136,0.058459768,1008,172.6956,2045.823812,9931.015273,2678.665668,4737.956033,3456.03978,1.159175482,0.791782855
428,HARA-26-1,5/10/24,16.00005304,0.326858625,12.37,28.5,3.6,225.59,2.7294,74.1662,0.095080864,1349,161.1612,2197.298212,11821.84168,3278.124488,6949.077633,4556.996698,0.824773077,0.810820394
429,HARB-26-2,5/1/24,18.47897961,0.238782013,33.87,48.5,4.225,527.32,6.7414,74.1662,0.106173069,1339,451.6038,2252.121886,14526.375,3423.407204,6712.522907,4847.710497,1.323439073,0.842560351
430,HARC-26-1,5/8/24,10.77032454,0.195488399,6.29,56,4.415,552.78,7.4268,59.8423,0.166826847,858,271.6992,2324.158471,13054.22285,2619.139279,4498.667176,3298.561342,1.969543233,0.82186573
431,HARC-26-3,5/7/24,9.025313208,0.142565669,6.74,83.4,6.85,1084.14,15.7489,59.8423,0.095190478,686,239.3388,1970.425128,10023.09357,2414.778493,4065.652857,2995.551971,1.539090782,0.800279217
432,HOMA-21-2,5/7/24,14.16500362,0.291803101,10.53,68,6.105,688.19,11.2485,69.6038,0.279373973,1319,420.8454,2112.43099,11457.80852,2766.25043,4875.018656,3555.038363,1.461012039,0.812923588
433,HOMA-21-5,5/3/24,13.64239581,0.354368558,7.89,38,4.435,393.65,4.8979,69.6038,0.354909819,1117,368.9406,2217.152933,10257.80169,2868.373204,5803.157681,4167.805886,0.833057526,0.775341571
434,HOMB-21-3,5/9/24,21.43671019,0.365698054,19.52,49.3,5.39,442.28,7.1431,121.4883,0.053299953,1681,371.1834,2011.685655,11802.9905,2930.08437,5661.287749,3594.554151,1.156949662,0.827406311
435,HOMD-21-2,5/3/24,8.749044057,0.124752806,9.81,57.5,5.08,1144.34,15.2520,121.4883,0.034976838,940,250.8732,2472.423283,12068.52443,2370.759517,3985.125739,3023.614153,2.101625172,0.793966617
436,HOPF-27-3,5/7/24,18.21473517,0.381098356,16.82,83,5.66,764.22,12.0571,68.6488,0.166163596,1226,405.9468,2169.423221,11945.32124,2667.544409,4567.913276,3200.74699,1.67199577,0.816638764
437,HOPF-27-5,5/3/24,14.25437604,0.272507107,14.83,42,4.21,649.59,7.1070,68.6488,0.054008354,1088,383.5188,2476.96305,13138.86602,3045.304572,5416.780976,3902.106077,1.522194179,0.810464406
438,HOPG-27-3,5/1/24,15.02117029,0.388937678,10.38,54,5.54,872.93,11.5704,58.8873,,1035,211.6242,2199.218359,12568.56585,2421.100804,4115.035507,2965.206011,2.121902987,0.823805884
439,HRSO-27-2,5/2/24,13.83606947,0.356884128,9.36,69.5,6.245,948.18,12.8106,58.8873,0.150623076,1243,310.1472,2236.731986,10433.67851,2607.137481,4343.753271,3136.370348,1.468588576,0.782039368
440,HRSO-27-5,5/7/24,9.098177447,0.295002591,14.31,55,5.565,940.45,12.7120,61.0094,0.161477195,929,364.455,2480.658338,11232.34684,2972.237444,4936.356769,3907.464268,1.367202347,0.77798133
441,HRSP-27-1,5/2/24,18.36950446,0.336716252,13.41,45,5.41,524.79,7.1678,61.0094,0.188438191,1409,362.052,2055.322114,11086.99765,2780.054452,4750.516237,3465.341183,1.422688316,0.809417526
442,HRSP-27-4,5/10/24,22.8254773,0.390179195,28.91,39,4.96,426.65,6.1207,72.7869,0.225972667,1485,380.7954,2134.033048,11978.88033,2946.410335,5495.978665,3393.179344,1.256727439,0.819862281
443,HRSP-27-5,5/9/24,22.72119637,0.339923516,26.39,31,4.93,282.77,4.7524,72.7869,,1700,338.6628,2004.572714,11102.67383,2786.12859,5012.10072,3078.215237,1.295148255,0.817001597
444,KLNA-20-3,5/6/24,12.33399543,0.343736412,6.64,54.5,4.66,573.41,7.5657,53.0516,0.046898535,939,266.4126,2166.106661,12033.60901,2616.045053,4750.149273,3101.495265,1.577268915,0.818724532
445,KLNA-20-4,5/6/24,13.85729046,0.320090778,10.95,73,5.16,743.53,9.3992,53.0516,0.079533573,1358,280.1898,2114.032088,11816.83251,2619.980208,4527.204616,3217.930907,1.686802819,0.820248968
446,KLNC-20-2,5/8/24,9.678460048,0.155335728,9.26,55.5,5.165,954.07,13.4634,70.0282,0.070347048,1062,224.6004,2439.742728,12711.23805,2474.305748,4196.519756,3058.066191,2.077454801,0.807609005
447,KLND-20-5,4/30/24,15.94302523,0.347713043,,72,5.145,970.35,11.4636,70.0282,,1153,308.0646,2064.222586,12002.75746,2451.019058,4654.096633,2933.303423,1.634490053,0.827013285
448,KLNE-20-4,5/10/24,18.3199911,0.413965158,12.77,33.8,4.425,253.16,3.5491,122.2310,0.01585661,815,218.3526,2904.266855,14303.36083,2564.984219,4580.609908,3058.700511,2.167416801,0.795960984
449,KLNG-20-4,4/30/24,14.23542363,0.371105706,7.95,67,5.69,1396.2,15.3370,68.7549,0.038525927,647,151.389,2794.316345,15030.41013,2679.239315,4916.360477,3399.205682,2.106637469,0.813963427
450,KTMA-12-4,5/9/24,12.13277185,0.273229718,6.93,53.5,5.44,723.41,8.5354,72.5747,,862,323.7642,2518.480324,13621.91222,2830.15695,5329.024866,3654.146354,1.596444499,0.81438429
451,LILB-26-3,4/30/24,12.38708549,0.285711044,6.46,79,5.78,891.55,12.6932,72.5747,0.405211004,1510,545.6412,2117.931799,11893.58726,2407.562784,4093.327856,3026.862165,2.427864126,0.818927489
452,LILC-26-2,5/7/24,16.56043084,0.362887558,15.49,65.5,6.74,788.22,11.9686,82.1240,0.078832458,1301,300.0546,2300.081682,12803.25431,2683.028684,4373.221466,3199.807352,1.991561324,0.818495031
453,LILD-26-2,5/6/24,12.88046867,0.303627386,9.53,60,5.485,917.46,12.9997,82.1240,0.052779961,824,229.7268,2359.596408,12366.71131,2559.128528,4726.908425,3210.496139,1.667839668,0.810191996
454,LILD-26-3,5/8/24,5.958542969,0.056820472,9,76,5.615,915.08,15.1554,77.9859,0.077889193,654,179.1036,2263.977978,11906.3628,2442.751455,3959.58517,2880.627149,2.086378414,0.808693214
455,LILD-26-5,5/2/24,13.47893448,0.24335354,9.99,49,5.15,798.05,9.1908,77.9859,0.038104094,1105,265.6116,2439.798076,12307.8046,2781.092169,5299.213114,3339.854742,1.371571501,0.800747043
456,MCMN-27-2,5/7/24,9.86997522,0.271198873,4.9,60,5.745,976.2,13.5974,76.5005,0.015281818,867,173.9772,2258.94589,10798.95867,2498.753221,4111.219914,3177.564039,1.708140795,0.788765251
457,MCMN-27-3,5/2/24,17.66725146,0.403072355,13.19,53.5,5.76,740.21,9.1090,76.5005,0.047332503,1171,269.4564,2506.491575,12252.12777,2557.336697,4407.538145,3074.383777,1.834766108,0.794300423
458,MCMN-27-4,5/1/24,19.26609678,0.380504185,16.66,38,4.96,477.1,6.0496,71.6197,0.033892389,1116,444.2346,2006.841997,12516.16837,2521.147506,4442.757886,2746.31185,1.867724051,0.837811173
459,MCMN-27-5,5/1/24,14.76029405,0.191951613,12.89,53,4.93,766.06,8.2144,71.6197,0.04307004,1210,286.9182,2404.710642,13057.18925,2253.832925,4025.168427,2536.145064,2.302769072,0.815440119
460,MTSM-27-1,5/2/24,11.39815339,0.300594995,7.45,48.5,4.935,1135.2,13.3122,70.2404,0.037336791,888,182.4678,2527.918047,12674.0925,2355.571028,4058.34836,2988.067881,2.183701356,0.800317246
461,NHTA-27-2,5/10/24,18.7331435,0.340160168,15.96,57,4.5,39.96,6.4307,70.2404,0.259232356,1155,346.6728,2427.240108,12604.51875,3019.38339,5537.43391,3847.989371,1.459359192,0.806926054
462,NHTA-27-3,4/29/24,12.1586543,0.221498239,8.04,75.5,5.545,1327.29,16.0954,77.6676,0.044499104,770,214.5078,2627.850463,13561.43843,2703.609627,5067.510785,3384.402078,1.719050963,0.806596162
463,NHTA-27-5,4/29/24,13.8111765,0.300204553,12.2,74.5,5.32,1016.52,13.3307,77.6676,0.043290831,837,229.887,2825.051734,15151.03313,2657.959046,4821.896372,3478.05253,2.186962691,0.813019351
464,NHTB-27-3,5/8/24,11.40926211,0.248454362,6.49,57,4.88,707.9,9.0794,75.8639,0.041765948,900,166.1274,2378.452584,13045.99324,2565.247877,4412.305219,3076.998014,2.010500536,0.817758802
465,NHTB-27-4,5/6/24,9.795107764,0.119775173,17.56,47.5,5.35,833.59,12.2810,75.8639,0.271889303,934,259.524,2110.269461,10841.75744,2541.447187,4412.792508,3100.607848,1.537647194,0.803719068
466,PHY-1,5/9/24,15.4419692,0.300784531,12.35,28,4.625,451.9,#DIV/0!,#DIV/0!,,,,2244.226925,12569.86692,2967.706413,5709.051464,3835.614739,1.270065985,0.819719261
467,SKWA-24-2,,,,,,,,,,,,,1684.482922,1847.691064,1678.390235,1611.991864,1701.483739,0.259633637,-0.028504859
468,SKWA-24-3,5/2/24,12.38513225,0.374695539,7.82,43,4.85,648.58,7.4421,62.3887,0.117506994,874,336.9006,2244.935063,10590.834,2602.326056,4364.346758,3284.518608,1.503620011,0.786889519
469,SKWA-24-5,5/2/24,15.63819107,0.417091721,9.07,44,4.94,956.19,9.7232,62.3887,0.058910113,787,189.9972,2854.577735,13303.13091,2567.364767,4512.91641,3019.196924,1.995192363,0.785477472
470,SKWB-24-2,5/8/24,8.430345647,0.27313205,7.14,41.5,4.635,434.21,5.5672,83.1850,0.081967461,841,314.9532,2066.497157,10311.53252,2150.204143,3415.561045,2695.157135,2.114813707,0.797278264
471,SKWC-24-1,5/8/24,10.9814554,0.258322543,8.38,54.5,6.455,837.92,12.6569,83.1850,0.072258911,775,218.3526,2297.765389,12003.7761,2431.676389,4057.909964,3028.965767,2.033876253,0.807069488
472,SKWD-24-1,4/30/24,11.40927847,0.267008012,6.33,63,6.42,1128.77,13.2086,57.4019,0.206597005,1253,386.2422,1924.187999,11731.06315,2397.815517,4144.428262,3058.858369,1.930698342,0.83453829
473,SKWD-24-4,5/10/24,17.6398262,0.29963157,13.28,35.5,3.52,258.93,2.9310,57.4019,0.1713737,1240,254.3976,2515.685999,12654.52655,2602.105642,4640.192569,3252.914441,1.812151132,0.801403641
474,SKWD-24-5,4/30/24,11.91910714,0.127258258,17.19,69,5.425,783.31,7.4133,75.6516,0.056766189,1253,379.8342,2065.916208,10791.6569,2403.380061,4316.1787,3142.47828,1.56135997,0.807265154
475,SKWE-24-1,5/10/24,16.05240632,0.465054188,11.51,46.9,5.395,507.47,6.3349,75.6516,0.177586826,1043,283.3938,2770.637476,13339.64495,2967.810778,5958.361283,3982.631765,1.280964591,0.793410857
476,SKWE-24-2,5/3/24,11.3200282,0.261030829,7.18,57.5,5.485,775.13,9.8012,36.8178,0.012035845,970,269.6166,2934.474618,14530.25939,2385.881409,4082.343748,3224.580531,2.652528248,0.797742043
477,SKWE-24-3,5/10/24,17.73635362,0.507373763,18.5,26.5,4.315,223.13,2.9200,65.4539,0.137585103,934,304.7004,2769.272709,13696.47942,3055.380904,5944.085816,3827.589806,1.342571331,0.796856666
478,SKWF-24-3,4/29/24,17.08832962,0.345174959,12.29,65.5,5.935,1115.18,14.7503,71.3014,0.333148425,1096,282.1122,2389.228656,13130.21376,2650.629553,4650.999614,3378.214992,1.876567311,0.816724582
479,SLMB-28-1,5/1/24,19.63216695,0.224593189,20.87,53,5.82,603.1,9.4450,71.3014,0.083491991,1196,358.047,1863.159942,11788.61059,2281.524723,3949.236,2581.385502,2.048042914,0.838454889
480,SLMB-28-2,5/10/24,18.08830171,0.355472959,14.79,35,5.38,430.37,6.7290,67.1516,0.032861537,1041,337.0608,2525.450128,13516.9329,2881.234222,5081.58897,3468.371339,1.711080654,0.810875031
481,SLMB-28-3,5/10/24,17.50678925,0.282930523,19.4,44.5,4.535,263.75,4.5389,67.1516,0.134498715,1314,506.0718,1911.152851,9575.272366,2393.973943,4148.929301,2859.063354,1.419883823,0.79608754
482,SLMB-28-4,5/3/24,20.3236548,0.327062935,18.66,55,5.82,493.02,7.8196,129.5875,0.053990255,1569,479.9592,2060.346568,11323.85962,2738.603058,5177.873708,3685.641452,1.253671327,0.813354822
483,SLMC-28-3,5/1/24,20.00656368,0.316533597,26.24,46,4.94,507.12,7.6406,72.8930,0.17085287,1736,386.2422,2175.236769,13050.1893,3217.703284,6716.507884,4494.281166,1.006538732,0.831427852
484,SLMD-28-3,5/6/24,14.62232934,0.268137079,11.12,52.5,6.72,497.37,8.1876,113.1768,0.490610642,1419,442.7928,2023.571747,10478.20012,2704.290615,4896.58181,3356.994633,1.216486281,0.800249562
485,SLMD-28-4,4/30/24,20.21311477,0.274868265,18.41,72,7.065,629.25,11.1270,63.6620,0.279806725,1711,478.6776,1815.276116,10768.64458,2462.917585,4404.967613,2903.243718,1.51805476,0.827395349
486,SQMA-25-2,5/3/24,16.30865052,0.431368391,11.59,61,5.69,841.54,9.6732,30.5577,0.109487648,1122,325.6866,2378.572085,14650.33537,2819.350977,5249.902597,3544.911603,1.881752238,0.836406842
487,SQMB-25-1,5/2/24,20.83518457,0.315203049,12.44,36.5,3.56,436.88,4.4436,54.3249,0.128807992,1385,470.187,2523.832959,13528.84383,3227.394525,6515.017629,4057.203906,1.123686909,0.812430175
488,SQMB-25-3,5/9/24,20.146939,0.351918854,23.8,64,5.11,476.77,7.2425,43.0779,0.045816321,1547,361.5714,1863.97447,10855.23435,2579.912661,4853.291324,3045.463156,1.338715133,0.826015828
489,SQMB-25-4,5/3/24,15.35288256,0.390062376,9.51,44,5.495,754,10.5802,76.5830,,823,310.4676,2595.544172,13040.86785,3090.2684,5519.444883,4010.251481,1.416406388,0.795320675
490,SQMC-25-3,5/9/24,13.9582107,0.207267349,11.39,47,4.29,577.25,6.9963,37.1362,,1197,185.9922,2406.89123,13574.40257,2606.450616,4835.711633,3197.241728,1.856770935,0.822466852
491,SQMC-25-4,5/10/24,21.22815455,0.380845882,17.99,43.5,4.435,286.42,3.6952,66.0198,0.420461245,1351,406.908,2098.901817,12592.37552,2797.751393,5637.254229,3648.768798,1.300841021,0.831739321
492,SQMC-25-5,4/30/24,25.0756123,0.465065994,19.09,74.5,6.28,762.52,11.3188,74.6967,0.031987842,1519,503.5086,2047.32904,12437.12926,2740.844452,4984.897226,3436.437488,1.546554472,0.831751685
493,VNDL-27-5,5/3/24,15.79168177,0.372188186,13.75,51,5.325,935.12,11.8856,74.6967,0.01965457,1170,341.0658,2369.623937,13274.18409,2308.962966,4035.007402,2786.633663,2.344392305,0.819557702
494,WELC-27-1,5/9/24,17.18414901,0.32970777,13.34,43,4.02,278.66,3.6477,80.7446,0.271264796,1697,421.0056,2024.503408,11667.70417,2606.676637,4539.512866,3111.759786,1.730808537,0.825317658
495,WELC-27-2,5/8/24,15.85005152,0.209363948,23.97,47.5,5.415,682.9,11.0069,80.7446,0.058277712,1449,219.6342,2291.646909,10942.59946,2764.053747,4579.337749,3348.515271,1.448647744,0.788646939
496,WELC-27-3,5/10/24,15.66873443,0.297865967,12.67,40,4.26,391.45,4.6892,67.9592,0.239274059,1443,328.7304,2428.395344,11689.97742,2773.098807,4691.250833,3411.031542,1.626359303,0.791913639
497,WELC-27-4,5/6/24,14.13239666,0.300592534,7.49,53,5.57,618.93,9.2902,67.9592,0.370567139,1397,364.9356,2115.384305,11306.12803,2875.398495,5413.55436,3834.537717,1.205281483,0.808349367
498,WHTE-28-1,5/6/24,18.63799751,0.300878038,13.44,65,5.05,539.32,8.1571,81.4873,0.230472817,1172,341.3862,2250.424078,12756.00883,2713.973377,5197.071859,3233.613574,1.496948143,0.822830226
499,YALD-27-2,5/8/24,13.13125076,0.339091332,10.13,39,5.26,662.8,10.0046,81.4873,0.189925099,1192,288.5202,2494.431221,12088.94465,2905.229786,4630.727835,3490.177582,1.682043233,0.791852646
500,YALD-27-5,5/1/24,19.62814653,0.348397853,19.47,51,4.66,635.94,7.6778,64.2986,0.089998719,1451,396.9756,2005.810623,11268.52407,2975.021357,5388.805591,4053.761786,1.192034578,0.820756558